fixture_id,date,status,round,season,home_team,away_team,home_score,away_score
1206004,2024-07-05T22:45:00+00:00,Match Finished,Apertura - 1,2024,Puebla,Santos Laguna,1,0
1206003,2024-07-06T01:00:00+00:00,Match Finished,Apertura - 1,2024,Club Queretaro,Club Tijuana,1,2
1206005,2024-07-06T03:10:00+00:00,Match Finished,Apertura - 1,2024,FC Juarez,Atlas,2,2
1206006,2024-07-06T23:00:00+00:00,Match Finished,Apertura - 1,2024,Atletico San Luis,Club America,2,1
1206008,2024-07-07T01:00:00+00:00,Match Finished,Apertura - 1,2024,Guadalajara Chivas,Toluca,0,0
1206007,2024-07-07T01:00:00+00:00,Match Finished,Apertura - 1,2024,Tigres UANL,Necaxa,1,0
1206009,2024-07-07T03:00:00+00:00,Match Finished,Apertura - 1,2024,Cruz Azul,Mazatlán,1,0
1206010,2024-07-07T18:00:00+00:00,Match Finished,Apertura - 1,2024,U.N.A.M. - Pumas,Leon,4,1
1206011,2024-07-08T01:06:00+00:00,Match Finished,Apertura - 1,2024,CF Pachuca,Monterrey,0,1
1206012,2024-07-13T01:00:00+00:00,Match Finished,Apertura - 2,2024,Club America,Club Queretaro,3,1
1206014,2024-07-13T03:00:00+00:00,Match Finished,Apertura - 2,2024,Club Tijuana,Guadalajara Chivas,4,2
1206013,2024-07-13T03:00:00+00:00,Match Finished,Apertura - 2,2024,Mazatlán,Atletico San Luis,2,2
1206015,2024-07-13T03:05:00+00:00,Match Finished,Apertura - 2,2024,Atlas,Tigres UANL,1,1
1206016,2024-07-13T23:00:00+00:00,Match Finished,Apertura - 2,2024,Necaxa,Puebla,4,1
1206017,2024-07-13T23:00:00+00:00,Match Finished,Apertura - 2,2024,Leon,CF Pachuca,0,0
1206018,2024-07-14T01:10:00+00:00,Match Finished,Apertura - 2,2024,Toluca,FC Juarez,3,2
1206019,2024-07-14T01:25:00+00:00,Match Finished,Apertura - 2,2024,Santos Laguna,U.N.A.M. - Pumas,1,1
1206020,2024-07-14T03:10:00+00:00,Match Finished,Apertura - 2,2024,Monterrey,Cruz Azul,0,4
1206022,2024-07-17T01:00:00+00:00,Match Finished,Apertura - 3,2024,Atlas,Santos Laguna,1,0
1206021,2024-07-17T01:00:00+00:00,Match Finished,Apertura - 3,2024,Club Queretaro,Guadalajara Chivas,0,2
1206024,2024-07-17T01:00:00+00:00,Match Finished,Apertura - 3,2024,CF Pachuca,Atletico San Luis,2,0
1206023,2024-07-17T03:00:00+00:00,Match Finished,Apertura - 3,2024,Puebla,Leon,2,2
1206025,2024-07-17T03:05:00+00:00,Match Finished,Apertura - 3,2024,Cruz Azul,Club Tijuana,3,0
1206029,2024-07-18T01:00:00+00:00,Match Finished,Apertura - 3,2024,Necaxa,Monterrey,0,1
1206026,2024-07-18T01:06:00+00:00,Match Finished,Apertura - 3,2024,FC Juarez,U.N.A.M. - Pumas,1,2
1206028,2024-07-18T03:00:00+00:00,Match Finished,Apertura - 3,2024,Tigres UANL,Club America,1,0
1206027,2024-07-18T03:00:00+00:00,Match Finished,Apertura - 3,2024,Toluca,Mazatlán,3,0
1206030,2024-07-20T01:00:00+00:00,Match Finished,Apertura - 4,2024,Atletico San Luis,Club Tijuana,1,1
1206031,2024-07-20T03:05:00+00:00,Match Finished,Apertura - 4,2024,Puebla,Atlas,1,2
1206032,2024-07-20T23:05:00+00:00,Match Finished,Apertura - 4,2024,Guadalajara Chivas,Mazatlán,2,0
1206034,2024-07-21T01:00:00+00:00,Match Finished,Apertura - 4,2024,Monterrey,Club Queretaro,2,1
1206033,2024-07-21T01:00:00+00:00,Match Finished,Apertura - 4,2024,Santos Laguna,Tigres UANL,0,3
1206036,2024-07-21T03:05:00+00:00,Match Finished,Apertura - 4,2024,Cruz Azul,Toluca,1,1
1206035,2024-07-21T03:10:00+00:00,Match Finished,Apertura - 4,2024,FC Juarez,Club America,1,2
1206037,2024-07-21T23:00:00+00:00,Match Finished,Apertura - 4,2024,U.N.A.M. - Pumas,CF Pachuca,2,0
1206038,2024-07-22T01:05:00+00:00,Match Finished,Apertura - 4,2024,Leon,Necaxa,1,1
1206140,2024-08-17T01:00:00+00:00,Match Finished,Apertura - 16,2024,Puebla,Monterrey,1,2
1206074,2024-08-19T00:05:00+00:00,Match Finished,Apertura - 8,2024,Club Tijuana,Santos Laguna,3,1
1206115,2024-08-19T02:00:00+00:00,Match Finished,Apertura - 13,2024,Atletico San Luis,Club Queretaro,4,0
1206039,2024-08-24T01:00:00+00:00,Match Finished,Apertura - 5,2024,Club Queretaro,Cruz Azul,0,2
1206040,2024-08-24T02:00:00+00:00,Match Finished,Apertura - 5,2024,Mazatlán,CF Pachuca,3,0
1206041,2024-08-24T03:05:00+00:00,Match Finished,Apertura - 5,2024,Club Tijuana,Monterrey,2,2
1206042,2024-08-24T23:00:00+00:00,Match Finished,Apertura - 5,2024,Necaxa,FC Juarez,3,0
1206045,2024-08-25T01:00:00+00:00,Match Finished,Apertura - 5,2024,Tigres UANL,Guadalajara Chivas,1,1
1206044,2024-08-25T01:00:00+00:00,Match Finished,Apertura - 5,2024,Atlas,U.N.A.M. - Pumas,2,1
1206043,2024-08-25T01:00:00+00:00,Match Finished,Apertura - 5,2024,Leon,Santos Laguna,1,1
1206046,2024-08-25T03:05:00+00:00,Match Finished,Apertura - 5,2024,Club America,Puebla,0,1
1206047,2024-08-25T18:00:00+00:00,Match Finished,Apertura - 5,2024,Toluca,Atletico San Luis,2,1
1206048,2024-08-31T01:00:00+00:00,Match Finished,Apertura - 6,2024,Atletico San Luis,Atlas,2,1
1206049,2024-08-31T02:00:00+00:00,Match Finished,Apertura - 6,2024,Mazatlán,Puebla,1,1
1206050,2024-08-31T03:05:00+00:00,Match Finished,Apertura - 6,2024,Club Tijuana,Leon,2,1
1206051,2024-08-31T23:00:00+00:00,Match Finished,Apertura - 6,2024,CF Pachuca,Club Queretaro,1,1
1206052,2024-08-31T23:05:00+00:00,Match Finished,Apertura - 6,2024,Guadalajara Chivas,FC Juarez,5,0
1206053,2024-09-01T01:00:00+00:00,Match Finished,Apertura - 6,2024,Monterrey,Toluca,1,2
1206054,2024-09-01T03:10:00+00:00,Match Finished,Apertura - 6,2024,Cruz Azul,Club America,4,1
1206055,2024-09-01T23:00:00+00:00,Match Finished,Apertura - 6,2024,U.N.A.M. - Pumas,Tigres UANL,1,3
1206056,2024-09-02T01:05:00+00:00,Match Finished,Apertura - 6,2024,Santos Laguna,Necaxa,3,2
1206057,2024-09-14T00:00:00+00:00,Match Finished,Apertura - 7,2024,Puebla,Club Queretaro,2,1
1206058,2024-09-14T01:00:00+00:00,Match Finished,Apertura - 7,2024,Atlas,CF Pachuca,2,0
1206060,2024-09-14T02:10:00+00:00,Match Finished,Apertura - 7,2024,Tigres UANL,Atletico San Luis,1,0
1206059,2024-09-14T02:10:00+00:00,Match Finished,Apertura - 7,2024,FC Juarez,Mazatlán,1,0
1206061,2024-09-14T03:00:00+00:00,Match Finished,Apertura - 7,2024,Necaxa,U.N.A.M. - Pumas,2,0
1206062,2024-09-14T22:45:00+00:00,Match Finished,Apertura - 7,2024,Toluca,Club Tijuana,4,0
1206063,2024-09-15T00:50:00+00:00,Match Finished,Apertura - 7,2024,Club America,Guadalajara Chivas,1,0
1206064,2024-09-15T02:35:00+00:00,Match Finished,Apertura - 7,2024,Leon,Cruz Azul,1,2
1206065,2024-09-15T03:00:00+00:00,Match Finished,Apertura - 7,2024,Santos Laguna,Monterrey,0,2
1206070,2024-09-18T01:00:00+00:00,Match Finished,Apertura - 8,2024,Club America,Atlas,3,0
1206067,2024-09-18T01:00:00+00:00,Match Finished,Apertura - 8,2024,CF Pachuca,Toluca,2,2
1206066,2024-09-18T01:00:00+00:00,Match Finished,Apertura - 8,2024,Atletico San Luis,Cruz Azul,3,1
1206069,2024-09-18T03:00:00+00:00,Match Finished,Apertura - 8,2024,Club Queretaro,Tigres UANL,1,0
1206068,2024-09-18T03:05:00+00:00,Match Finished,Apertura - 8,2024,U.N.A.M. - Pumas,Puebla,1,0
1206071,2024-09-19T01:05:00+00:00,Match Finished,Apertura - 8,2024,Guadalajara Chivas,Leon,2,0
1206072,2024-09-19T02:00:00+00:00,Match Finished,Apertura - 8,2024,Mazatlán,Necaxa,0,0
1206073,2024-09-19T03:00:00+00:00,Match Finished,Apertura - 8,2024,Monterrey,FC Juarez,3,2
1206075,2024-09-21T01:00:00+00:00,Match Finished,Apertura - 9,2024,Atlas,Club Queretaro,0,1
1206076,2024-09-21T01:00:00+00:00,Match Finished,Apertura - 9,2024,Puebla,CF Pachuca,2,3
1206077,2024-09-21T23:00:00+00:00,Match Finished,Apertura - 9,2024,Leon,Atletico San Luis,1,0
1206079,2024-09-22T01:00:00+00:00,Match Finished,Apertura - 9,2024,Monterrey,Mazatlán,0,0
1206078,2024-09-22T01:00:00+00:00,Match Finished,Apertura - 9,2024,Necaxa,Club America,1,1
1206080,2024-09-22T03:05:00+00:00,Match Finished,Apertura - 9,2024,Cruz Azul,Guadalajara Chivas,1,0
1206081,2024-09-22T23:00:00+00:00,Match Finished,Apertura - 9,2024,U.N.A.M. - Pumas,Club Tijuana,1,0
1206083,2024-09-23T01:05:00+00:00,Match Finished,Apertura - 9,2024,Santos Laguna,Toluca,2,0
1206082,2024-09-23T01:10:00+00:00,Match Finished,Apertura - 9,2024,FC Juarez,Tigres UANL,0,1
1206084,2024-09-28T00:00:00+00:00,Match Finished,Apertura - 10,2024,Puebla,FC Juarez,2,3
1206085,2024-09-28T01:00:00+00:00,Match Finished,Apertura - 10,2024,Club Queretaro,Necaxa,0,0
1206086,2024-09-28T02:00:00+00:00,Match Finished,Apertura - 10,2024,Tigres UANL,Leon,2,2
1206087,2024-09-28T03:05:00+00:00,Match Finished,Apertura - 10,2024,Club Tijuana,Mazatlán,1,0
1206088,2024-09-28T23:00:00+00:00,Match Finished,Apertura - 10,2024,Toluca,Atlas,4,1
1206089,2024-09-29T01:05:00+00:00,Match Finished,Apertura - 10,2024,CF Pachuca,Cruz Azul,2,4
1206090,2024-09-29T03:05:00+00:00,Match Finished,Apertura - 10,2024,Guadalajara Chivas,Monterrey,1,1
1206091,2024-09-29T03:10:00+00:00,Match Finished,Apertura - 10,2024,Atletico San Luis,Santos Laguna,3,1
1206092,2024-09-30T00:00:00+00:00,Match Finished,Apertura - 10,2024,Club America,U.N.A.M. - Pumas,0,1
1206093,2024-10-05T02:00:00+00:00,Match Finished,Apertura - 11,2024,Mazatlán,Club Queretaro,2,2
1206094,2024-10-05T03:00:00+00:00,Match Finished,Apertura - 11,2024,Club Tijuana,CF Pachuca,2,1
1206095,2024-10-05T23:00:00+00:00,Match Finished,Apertura - 11,2024,Tigres UANL,Puebla,1,0
1206100,2024-10-05T23:00:00+00:00,Match Finished,Apertura - 11,2024,Cruz Azul,Necaxa,3,0
1206096,2024-10-05T23:00:00+00:00,Match Finished,Apertura - 11,2024,Atletico San Luis,Monterrey,1,0
1206099,2024-10-06T01:00:00+00:00,Match Finished,Apertura - 11,2024,Toluca,U.N.A.M. - Pumas,1,1
1206097,2024-10-06T01:05:00+00:00,Match Finished,Apertura - 11,2024,Guadalajara Chivas,Atlas,2,3
1206098,2024-10-06T03:00:00+00:00,Match Finished,Apertura - 11,2024,Leon,Club America,1,1
1206101,2024-10-07T02:05:00+00:00,Match Finished,Apertura - 11,2024,Santos Laguna,FC Juarez,0,2
1206102,2024-10-19T01:00:00+00:00,Match Finished,Apertura - 12,2024,Atlas,Mazatlán,0,0
1206103,2024-10-19T01:00:00+00:00,Match Finished,Apertura - 12,2024,Club Queretaro,Toluca,0,1
1206104,2024-10-19T03:00:00+00:00,Match Finished,Apertura - 12,2024,Necaxa,Club Tijuana,1,2
1206105,2024-10-19T03:05:00+00:00,Match Finished,Apertura - 12,2024,Puebla,Cruz Azul,1,2
1206106,2024-10-19T23:00:00+00:00,Match Finished,Apertura - 12,2024,CF Pachuca,Guadalajara Chivas,0,2
1206108,2024-10-20T01:05:00+00:00,Match Finished,Apertura - 12,2024,Club America,Santos Laguna,3,0
1206107,2024-10-20T01:06:00+00:00,Match Finished,Apertura - 12,2024,FC Juarez,Leon,2,3
1206109,2024-10-20T03:10:00+00:00,Match Finished,Apertura - 12,2024,Monterrey,Tigres UANL,4,2
1206110,2024-10-20T18:00:00+00:00,Match Finished,Apertura - 12,2024,U.N.A.M. - Pumas,Atletico San Luis,3,0
1206112,2024-10-23T01:00:00+00:00,Match Finished,Apertura - 13,2024,Santos Laguna,CF Pachuca,1,1
1206111,2024-10-23T01:05:00+00:00,Match Finished,Apertura - 13,2024,Guadalajara Chivas,Necaxa,3,2
1206114,2024-10-23T03:05:00+00:00,Match Finished,Apertura - 13,2024,Toluca,Puebla,5,0
1206113,2024-10-23T03:06:00+00:00,Match Finished,Apertura - 13,2024,Mazatlán,Tigres UANL,2,0
1206117,2024-10-24T01:00:00+00:00,Match Finished,Apertura - 13,2024,Monterrey,U.N.A.M. - Pumas,0,0
1206116,2024-10-24T01:00:00+00:00,Match Finished,Apertura - 13,2024,Cruz Azul,FC Juarez,4,0
1206118,2024-10-24T03:00:00+00:00,Match Finished,Apertura - 13,2024,Leon,Atlas,0,0
1206119,2024-10-24T03:05:00+00:00,Match Finished,Apertura - 13,2024,Club Tijuana,Club America,2,2
1206120,2024-10-26T01:00:00+00:00,Match Finished,Apertura - 14,2024,Santos Laguna,Mazatlán,0,0
1206121,2024-10-26T03:00:00+00:00,Match Finished,Apertura - 14,2024,Puebla,Guadalajara Chivas,1,0
1206122,2024-10-26T23:00:00+00:00,Match Finished,Apertura - 14,2024,Leon,Club Queretaro,4,0
1206123,2024-10-27T01:00:00+00:00,Match Finished,Apertura - 14,2024,U.N.A.M. - Pumas,Cruz Azul,0,2
1206124,2024-10-27T03:00:00+00:00,Match Finished,Apertura - 14,2024,Tigres UANL,CF Pachuca,2,1
1206125,2024-10-27T03:05:00+00:00,Match Finished,Apertura - 14,2024,Atlas,Club Tijuana,0,0
1206126,2024-10-28T00:00:00+00:00,Match Finished,Apertura - 14,2024,Necaxa,Toluca,1,3
1206127,2024-10-28T00:06:00+00:00,Match Finished,Apertura - 14,2024,FC Juarez,Atletico San Luis,2,4
1206128,2024-10-28T02:05:00+00:00,Match Finished,Apertura - 14,2024,Club America,Monterrey,2,1
1206129,2024-11-02T01:00:00+00:00,Match Finished,Apertura - 15,2024,Club Queretaro,FC Juarez,1,2
1206130,2024-11-02T03:00:00+00:00,Match Finished,Apertura - 15,2024,Mazatlán,Club America,0,5
1206131,2024-11-02T03:05:00+00:00,Match Finished,Apertura - 15,2024,Club Tijuana,Tigres UANL,0,3
1206133,2024-11-02T23:00:00+00:00,Match Finished,Apertura - 15,2024,Toluca,Leon,2,2
1206132,2024-11-02T23:00:00+00:00,Match Finished,Apertura - 15,2024,Atletico San Luis,Puebla,2,0
1206134,2024-11-03T01:05:00+00:00,Match Finished,Apertura - 15,2024,Guadalajara Chivas,U.N.A.M. - Pumas,0,0
1206135,2024-11-03T01:05:00+00:00,Match Finished,Apertura - 15,2024,Monterrey,Atlas,4,0
1206136,2024-11-03T03:06:00+00:00,Match Finished,Apertura - 15,2024,CF Pachuca,Necaxa,6,2
1206137,2024-11-03T03:10:00+00:00,Match Finished,Apertura - 15,2024,Cruz Azul,Santos Laguna,2,0
1206141,2024-11-06T01:00:00+00:00,Match Finished,Apertura - 16,2024,Santos Laguna,Guadalajara Chivas,0,2
1206138,2024-11-06T01:00:00+00:00,Match Finished,Apertura - 16,2024,Leon,Mazatlán,0,0
1206139,2024-11-06T03:05:00+00:00,Match Finished,Apertura - 16,2024,U.N.A.M. - Pumas,Club Queretaro,2,0
1206142,2024-11-07T01:00:00+00:00,Match Finished,Apertura - 16,2024,Tigres UANL,Toluca,2,1
1206144,2024-11-07T01:00:00+00:00,Match Finished,Apertura - 16,2024,Club America,CF Pachuca,2,1
1206143,2024-11-07T01:00:00+00:00,Match Finished,Apertura - 16,2024,Necaxa,Atletico San Luis,1,1
1206146,2024-11-07T03:05:00+00:00,Match Finished,Apertura - 16,2024,Atlas,Cruz Azul,2,2
1206145,2024-11-07T03:06:00+00:00,Match Finished,Apertura - 16,2024,FC Juarez,Club Tijuana,1,1
1206147,2024-11-09T01:00:00+00:00,Match Finished,Apertura - 17,2024,Club Queretaro,Santos Laguna,3,2
1206148,2024-11-09T03:00:00+00:00,Match Finished,Apertura - 17,2024,Mazatlán,U.N.A.M. - Pumas,0,1
1206149,2024-11-09T23:05:00+00:00,Match Finished,Apertura - 17,2024,Guadalajara Chivas,Atletico San Luis,0,1
1206151,2024-11-10T01:00:00+00:00,Match Finished,Apertura - 17,2024,Toluca,Club America,4,0
1206150,2024-11-10T01:00:00+00:00,Match Finished,Apertura - 17,2024,CF Pachuca,FC Juarez,0,1
1206152,2024-11-10T03:05:00+00:00,Match Finished,Apertura - 17,2024,Cruz Azul,Tigres UANL,1,1
1206153,2024-11-10T23:00:00+00:00,Match Finished,Apertura - 17,2024,Necaxa,Atlas,0,0
1206154,2024-11-11T01:05:00+00:00,Match Finished,Apertura - 17,2024,Monterrey,Leon,2,1
1206155,2024-11-11T03:10:00+00:00,Match Finished,Apertura - 17,2024,Club Tijuana,Puebla,2,1
1315388,2024-11-22T01:05:00+00:00,Match Finished,Apertura - Reclasificación,2024,Guadalajara Chivas,Atlas,1,2
1315387,2024-11-22T03:00:00+00:00,Match Finished,Apertura - Reclasificación,2024,Club Tijuana,Club America,2,2
1323483,2025-01-11T01:00:00+00:00,Match Finished,Clausura - 1,2024,Club Queretaro,Club America,0,1
1323485,2025-01-11T03:00:00+00:00,Match Finished,Clausura - 1,2024,Mazatlán,FC Juarez,1,1
1323484,2025-01-11T03:05:00+00:00,Match Finished,Clausura - 1,2024,Club Tijuana,Toluca,2,4
1323486,2025-01-11T23:00:00+00:00,Match Finished,Clausura - 1,2024,Atletico San Luis,Tigres UANL,1,3
1323488,2025-01-12T01:05:00+00:00,Match Finished,Clausura - 1,2024,Guadalajara Chivas,Santos Laguna,1,0
1323489,2025-01-12T03:05:00+00:00,Match Finished,Clausura - 1,2024,Cruz Azul,Atlas,1,1
1323786,2025-01-12T18:00:00+00:00,Match Finished,Clausura - 1,2024,U.N.A.M. - Pumas,Necaxa,2,1
1323487,2025-01-13T01:00:00+00:00,Match Finished,Clausura - 1,2024,Monterrey,Puebla,1,1
1323491,2025-01-17T02:10:00+00:00,Match Finished,Clausura - 2,2024,Club America,Club Tijuana,1,1
1323493,2025-01-18T01:00:00+00:00,Match Finished,Clausura - 2,2024,Tigres UANL,Mazatlán,2,1
1323492,2025-01-18T01:00:00+00:00,Match Finished,Clausura - 2,2024,Puebla,Atletico San Luis,1,2
1323494,2025-01-18T03:05:00+00:00,Match Finished,Clausura - 2,2024,Necaxa,Guadalajara Chivas,3,2
1323496,2025-01-18T23:00:00+00:00,Match Finished,Clausura - 2,2024,FC Juarez,Cruz Azul,1,0
1323495,2025-01-19T01:00:00+00:00,Match Finished,Clausura - 2,2024,Toluca,Monterrey,1,1
1323497,2025-01-19T03:00:00+00:00,Match Finished,Clausura - 2,2024,Atlas,Leon,1,2
1323787,2025-01-19T23:00:00+00:00,Match Finished,Clausura - 2,2024,Club Queretaro,U.N.A.M. - Pumas,3,2
1323498,2025-01-21T01:00:00+00:00,Match Finished,Clausura - 2,2024,CF Pachuca,Santos Laguna,2,1
1323499,2025-01-25T01:00:00+00:00,Match Finished,Clausura - 3,2024,Atletico San Luis,Necaxa,0,3
1323500,2025-01-25T03:00:00+00:00,Match Finished,Clausura - 3,2024,Club Tijuana,Club Queretaro,2,1
1323501,2025-01-25T03:00:00+00:00,Match Finished,Clausura - 3,2024,Mazatlán,Toluca,2,1
1323502,2025-01-25T23:00:00+00:00,Match Finished,Clausura - 3,2024,Leon,FC Juarez,1,0
1323503,2025-01-25T23:00:00+00:00,Match Finished,Clausura - 3,2024,Cruz Azul,Puebla,1,1
1323505,2025-01-26T01:05:00+00:00,Match Finished,Clausura - 3,2024,Guadalajara Chivas,Tigres UANL,1,1
1323506,2025-01-26T01:05:00+00:00,Match Finished,Clausura - 3,2024,Santos Laguna,Club America,1,4
1323504,2025-01-26T03:10:00+00:00,Match Finished,Clausura - 3,2024,Monterrey,CF Pachuca,2,3
1323507,2025-01-26T18:00:00+00:00,Match Finished,Clausura - 3,2024,U.N.A.M. - Pumas,Atlas,0,0
1323508,2025-01-29T01:00:00+00:00,Match Finished,Clausura - 4,2024,Club America,Atletico San Luis,3,0
1323509,2025-01-29T01:00:00+00:00,Match Finished,Clausura - 4,2024,Puebla,Mazatlán,0,1
1323512,2025-01-29T03:00:00+00:00,Match Finished,Clausura - 4,2024,Tigres UANL,Club Tijuana,4,0
1323510,2025-01-29T03:00:00+00:00,Match Finished,Clausura - 4,2024,Leon,Guadalajara Chivas,2,1
1323511,2025-01-29T03:05:00+00:00,Match Finished,Clausura - 4,2024,Necaxa,Cruz Azul,1,3
1323513,2025-01-30T01:00:00+00:00,Match Finished,Clausura - 4,2024,Atlas,Monterrey,3,3
1323514,2025-01-30T01:00:00+00:00,Match Finished,Clausura - 4,2024,Club Queretaro,CF Pachuca,0,1
1323516,2025-01-30T03:00:00+00:00,Match Finished,Clausura - 4,2024,FC Juarez,Santos Laguna,1,0
1323515,2025-01-30T03:05:00+00:00,Match Finished,Clausura - 4,2024,U.N.A.M. - Pumas,Toluca,1,1
1323517,2025-02-01T01:00:00+00:00,Match Finished,Clausura - 5,2024,Mazatlán,Leon,1,2
1323518,2025-02-01T03:05:00+00:00,Match Finished,Clausura - 5,2024,Club Tijuana,Cruz Azul,2,3
1323519,2025-02-01T23:00:00+00:00,Match Finished,Clausura - 5,2024,Club America,FC Juarez,4,0
1323520,2025-02-01T23:05:00+00:00,Match Finished,Clausura - 5,2024,Guadalajara Chivas,Club Queretaro,1,1
1323521,2025-02-02T01:00:00+00:00,Match Finished,Clausura - 5,2024,CF Pachuca,Atlas,0,0
1323522,2025-02-02T01:05:00+00:00,Match Finished,Clausura - 5,2024,Monterrey,Necaxa,1,0
1323523,2025-02-02T03:15:00+00:00,Match Finished,Clausura - 5,2024,Toluca,Tigres UANL,1,0
1323524,2025-02-02T23:00:00+00:00,Match Finished,Clausura - 5,2024,Santos Laguna,Puebla,0,2
1323525,2025-02-03T01:00:00+00:00,Match Finished,Clausura - 5,2024,Atletico San Luis,U.N.A.M. - Pumas,2,3
1323490,2025-02-06T03:10:00+00:00,Match Finished,Clausura - 1,2024,CF Pachuca,Leon,1,2
1323528,2025-02-08T01:00:00+00:00,Match Finished,Clausura - 6,2024,Necaxa,Santos Laguna,3,2
1323526,2025-02-08T01:00:00+00:00,Match Finished,Clausura - 6,2024,Club Queretaro,Atletico San Luis,1,0
1323527,2025-02-08T03:00:00+00:00,Match Finished,Clausura - 6,2024,Puebla,Club America,1,2
1323530,2025-02-09T01:00:00+00:00,Match Finished,Clausura - 6,2024,Tigres UANL,Atlas,2,1
1323529,2025-02-09T01:00:00+00:00,Match Finished,Clausura - 6,2024,Leon,Toluca,3,3
1323531,2025-02-09T03:00:00+00:00,Match Finished,Clausura - 6,2024,FC Juarez,Monterrey,2,1
1323532,2025-02-09T03:05:00+00:00,Match Finished,Clausura - 6,2024,Cruz Azul,CF Pachuca,2,1
1323788,2025-02-10T00:00:00+00:00,Match Finished,Clausura - 6,2024,U.N.A.M. - Pumas,Mazatlán,1,0
1323533,2025-02-10T03:05:00+00:00,Match Finished,Clausura - 6,2024,Guadalajara Chivas,Club Tijuana,2,1
1323534,2025-02-15T03:00:00+00:00,Match Finished,Clausura - 7,2024,Club Tijuana,FC Juarez,1,2
1323537,2025-02-15T03:00:00+00:00,Match Finished,Clausura - 7,2024,Club America,Necaxa,2,3
1323535,2025-02-15T03:00:00+00:00,Match Finished,Clausura - 7,2024,Mazatlán,Santos Laguna,1,1
1323536,2025-02-15T23:00:00+00:00,Match Finished,Clausura - 7,2024,Atlas,Puebla,3,2
1323538,2025-02-16T01:00:00+00:00,Match Finished,Clausura - 7,2024,Tigres UANL,Cruz Azul,2,1
1323539,2025-02-16T03:10:00+00:00,Match Finished,Clausura - 7,2024,Toluca,Guadalajara Chivas,2,1
1323540,2025-02-16T23:00:00+00:00,Match Finished,Clausura - 7,2024,Club Queretaro,Monterrey,2,4
1323541,2025-02-17T01:00:00+00:00,Match Finished,Clausura - 7,2024,Atletico San Luis,Leon,1,2
1323789,2025-02-17T01:05:00+00:00,Match Finished,Clausura - 7,2024,CF Pachuca,U.N.A.M. - Pumas,2,1
1323551,2025-02-19T03:10:00+00:00,Match Finished,Clausura - 9,2024,Atlas,Necaxa,0,4
1323552,2025-02-20T01:00:00+00:00,Match Finished,Clausura - 9,2024,Club America,Leon,1,1
1323550,2025-02-20T03:05:00+00:00,Match Finished,Clausura - 9,2024,Santos Laguna,Cruz Azul,0,1
1323542,2025-02-22T01:00:00+00:00,Match Finished,Clausura - 8,2024,Necaxa,Mazatlán,3,1
1323543,2025-02-22T03:00:00+00:00,Match Finished,Clausura - 8,2024,Puebla,Club Tijuana,2,0
1323547,2025-02-22T23:00:00+00:00,Match Finished,Clausura - 8,2024,FC Juarez,Toluca,0,4
1323545,2025-02-23T01:00:00+00:00,Match Finished,Clausura - 8,2024,Monterrey,Atletico San Luis,3,1
1323544,2025-02-23T01:00:00+00:00,Match Finished,Clausura - 8,2024,Leon,Tigres UANL,1,0
1323546,2025-02-23T01:05:00+00:00,Match Finished,Clausura - 8,2024,Guadalajara Chivas,CF Pachuca,2,1
1323790,2025-02-23T03:05:00+00:00,Match Finished,Clausura - 8,2024,U.N.A.M. - Pumas,Club America,0,2
1323548,2025-02-23T23:00:00+00:00,Match Finished,Clausura - 8,2024,Santos Laguna,Atlas,2,0
1323549,2025-02-24T01:05:00+00:00,Match Finished,Clausura - 8,2024,Cruz Azul,Club Queretaro,1,0
1323553,2025-02-26T01:00:00+00:00,Match Finished,Clausura - 9,2024,Tigres UANL,FC Juarez,0,1
1323791,2025-02-26T03:00:00+00:00,Match Finished,Clausura - 9,2024,Club Tijuana,U.N.A.M. - Pumas,4,2
1323554,2025-02-26T03:00:00+00:00,Match Finished,Clausura - 9,2024,Mazatlán,Monterrey,1,0
1323555,2025-02-27T01:00:00+00:00,Match Finished,Clausura - 9,2024,CF Pachuca,Puebla,2,1
1323556,2025-02-27T03:00:00+00:00,Match Finished,Clausura - 9,2024,Toluca,Club Queretaro,5,0
1323557,2025-02-27T03:05:00+00:00,Match Finished,Clausura - 9,2024,Atletico San Luis,Guadalajara Chivas,3,1
1323558,2025-03-01T03:00:00+00:00,Match Finished,Clausura - 10,2024,Mazatlán,Cruz Azul,1,1
1323560,2025-03-01T23:00:00+00:00,Match Finished,Clausura - 10,2024,Club America,Toluca,3,0
1323562,2025-03-01T23:00:00+00:00,Match Finished,Clausura - 10,2024,FC Juarez,CF Pachuca,2,2
1323559,2025-03-02T01:00:00+00:00,Match Finished,Clausura - 10,2024,Necaxa,Tigres UANL,1,2
1323561,2025-03-02T01:00:00+00:00,Match Finished,Clausura - 10,2024,Leon,Club Tijuana,2,1
1323792,2025-03-02T03:10:00+00:00,Match Finished,Clausura - 10,2024,U.N.A.M. - Pumas,Guadalajara Chivas,0,1
1323563,2025-03-02T22:00:00+00:00,Match Finished,Clausura - 10,2024,Club Queretaro,Puebla,2,0
1323564,2025-03-03T00:00:00+00:00,Match Finished,Clausura - 10,2024,Atlas,Atletico San Luis,3,1
1323565,2025-03-03T02:05:00+00:00,Match Finished,Clausura - 10,2024,Monterrey,Santos Laguna,4,2
1323567,2025-03-08T01:00:00+00:00,Match Finished,Clausura - 11,2024,Tigres UANL,Club Queretaro,1,0
1323566,2025-03-08T01:00:00+00:00,Match Finished,Clausura - 11,2024,Atletico San Luis,FC Juarez,1,0
1323568,2025-03-08T03:00:00+00:00,Match Finished,Clausura - 11,2024,Puebla,U.N.A.M. - Pumas,1,3
1323569,2025-03-08T23:00:00+00:00,Match Finished,Clausura - 11,2024,Toluca,Necaxa,5,2
1323571,2025-03-09T01:00:00+00:00,Match Finished,Clausura - 11,2024,CF Pachuca,Mazatlán,1,1
1323570,2025-03-09T01:05:00+00:00,Match Finished,Clausura - 11,2024,Cruz Azul,Monterrey,1,1
1323572,2025-03-09T03:05:00+00:00,Match Finished,Clausura - 11,2024,Guadalajara Chivas,Club America,0,0
1323573,2025-03-09T23:00:00+00:00,Match Finished,Clausura - 11,2024,Santos Laguna,Leon,2,1
1323574,2025-03-10T03:00:00+00:00,Match Finished,Clausura - 11,2024,Club Tijuana,Atlas,3,4
1323576,2025-03-15T01:00:00+00:00,Match Finished,Clausura - 12,2024,Necaxa,Leon,2,1
1323575,2025-03-15T01:00:00+00:00,Match Finished,Clausura - 12,2024,Club Queretaro,Mazatlán,1,0
1323577,2025-03-15T03:05:00+00:00,Match Finished,Clausura - 12,2024,Puebla,Toluca,0,3
1323578,2025-03-15T23:00:00+00:00,Match Finished,Clausura - 12,2024,Tigres UANL,Santos Laguna,3,0
1323579,2025-03-16T01:00:00+00:00,Match Finished,Clausura - 12,2024,Cruz Azul,Atletico San Luis,3,0
1323580,2025-03-16T01:10:00+00:00,Match Finished,Clausura - 12,2024,FC Juarez,Guadalajara Chivas,1,1
1323581,2025-03-16T03:05:00+00:00,Match Finished,Clausura - 12,2024,Atlas,Club America,1,3
1323793,2025-03-17T00:00:00+00:00,Match Finished,Clausura - 12,2024,U.N.A.M. - Pumas,Monterrey,1,3
1323582,2025-03-17T02:00:00+00:00,Match Finished,Clausura - 12,2024,CF Pachuca,Club Tijuana,4,1
1323583,2025-03-29T01:00:00+00:00,Match Finished,Clausura - 13,2024,Necaxa,Club Queretaro,2,0
1323585,2025-03-29T03:10:00+00:00,Match Finished,Clausura - 13,2024,Mazatlán,Atlas,3,2
1323586,2025-03-29T23:00:00+00:00,Match Finished,Clausura - 13,2024,Toluca,CF Pachuca,3,2
1323584,2025-03-29T23:00:00+00:00,Match Finished,Clausura - 13,2024,FC Juarez,Puebla,2,0
1323587,2025-03-30T01:05:00+00:00,Match Finished,Clausura - 13,2024,Club America,Tigres UANL,3,0
1323589,2025-03-30T03:05:00+00:00,Match Finished,Clausura - 13,2024,Guadalajara Chivas,Cruz Azul,0,1
1323588,2025-03-30T03:15:00+00:00,Match Finished,Clausura - 13,2024,Monterrey,Club Tijuana,1,2
1323590,2025-03-30T23:00:00+00:00,Match Finished,Clausura - 13,2024,Santos Laguna,Atletico San Luis,2,3
1323794,2025-03-31T01:05:00+00:00,Match Finished,Clausura - 13,2024,Leon,U.N.A.M. - Pumas,1,2
1323591,2025-04-05T01:00:00+00:00,Match Finished,Clausura - 14,2024,Club Queretaro,Leon,1,1
1323592,2025-04-05T03:00:00+00:00,Match Finished,Clausura - 14,2024,Club Tijuana,Necaxa,1,2
1323593,2025-04-05T03:05:00+00:00,Match Finished,Clausura - 14,2024,Puebla,Tigres UANL,0,0
1323594,2025-04-05T23:00:00+00:00,Match Finished,Clausura - 14,2024,Atlas,FC Juarez,1,1
1323595,2025-04-05T23:00:00+00:00,Match Finished,Clausura - 14,2024,CF Pachuca,Club America,1,0
1323599,2025-04-06T01:00:00+00:00,Match Finished,Clausura - 14,2024,Atletico San Luis,Mazatlán,2,1
1323596,2025-04-06T01:05:00+00:00,Match Finished,Clausura - 14,2024,Monterrey,Guadalajara Chivas,3,1
1323597,2025-04-06T03:10:00+00:00,Match Finished,Clausura - 14,2024,Cruz Azul,U.N.A.M. - Pumas,3,2
1323598,2025-04-07T00:00:00+00:00,Match Finished,Clausura - 14,2024,Toluca,Santos Laguna,2,1
1323608,2025-04-11T02:05:00+00:00,Match Finished,Clausura - 15,2024,Club Tijuana,Atletico San Luis,2,1
1323600,2025-04-12T01:00:00+00:00,Match Finished,Clausura - 15,2024,Necaxa,CF Pachuca,3,5
1323601,2025-04-12T03:05:00+00:00,Match Finished,Clausura - 15,2024,Mazatlán,Guadalajara Chivas,1,1
1323602,2025-04-12T23:00:00+00:00,Match Finished,Clausura - 15,2024,U.N.A.M. - Pumas,FC Juarez,0,0
1323603,2025-04-12T23:00:00+00:00,Match Finished,Clausura - 15,2024,Leon,Puebla,1,0
1323605,2025-04-13T01:00:00+00:00,Match Finished,Clausura - 15,2024,Tigres UANL,Monterrey,2,1
1323604,2025-04-13T01:05:00+00:00,Match Finished,Clausura - 15,2024,Atlas,Toluca,2,3
1323606,2025-04-13T03:15:00+00:00,Match Finished,Clausura - 15,2024,Club America,Cruz Azul,0,0
1323607,2025-04-13T23:00:00+00:00,Match Finished,Clausura - 15,2024,Santos Laguna,Club Queretaro,1,2
1323609,2025-04-16T01:00:00+00:00,Match Finished,Clausura - 16,2024,CF Pachuca,Tigres UANL,0,0
1323610,2025-04-16T01:05:00+00:00,Match Finished,Clausura - 16,2024,Guadalajara Chivas,Puebla,1,0
1323612,2025-04-16T03:00:00+00:00,Match Finished,Clausura - 16,2024,FC Juarez,Necaxa,2,2
1323611,2025-04-16T03:05:00+00:00,Match Finished,Clausura - 16,2024,Cruz Azul,Leon,2,1
1323615,2025-04-17T01:00:00+00:00,Match Finished,Clausura - 16,2024,Monterrey,Club America,1,0
1323614,2025-04-17T01:00:00+00:00,Match Finished,Clausura - 16,2024,Club Queretaro,Atlas,1,2
1323613,2025-04-17T02:00:00+00:00,Match Finished,Clausura - 16,2024,Atletico San Luis,Toluca,0,1
1323616,2025-04-17T03:00:00+00:00,Match Finished,Clausura - 16,2024,Mazatlán,Club Tijuana,0,2
1323795,2025-04-17T03:05:00+00:00,Match Finished,Clausura - 16,2024,U.N.A.M. - Pumas,Santos Laguna,2,0
1323617,2025-04-19T01:00:00+00:00,Match Finished,Clausura - 17,2024,Puebla,Necaxa,0,1
1323618,2025-04-19T23:00:00+00:00,Match Finished,Clausura - 17,2024,Club America,Mazatlán,5,0
1323620,2025-04-20T01:05:00+00:00,Match Finished,Clausura - 17,2024,Toluca,Cruz Azul,2,2
1323796,2025-04-20T03:00:00+00:00,Match Finished,Clausura - 17,2024,Tigres UANL,U.N.A.M. - Pumas,2,1
1323621,2025-04-20T03:15:00+00:00,Match Finished,Clausura - 17,2024,Atlas,Guadalajara Chivas,1,1
1323622,2025-04-20T23:00:00+00:00,Match Finished,Clausura - 17,2024,Santos Laguna,Club Tijuana,0,4
1323624,2025-04-21T01:00:00+00:00,Match Finished,Clausura - 17,2024,Atletico San Luis,CF Pachuca,2,1
1323623,2025-04-21T01:05:00+00:00,Match Finished,Clausura - 17,2024,Leon,Monterrey,0,2
1323619,2025-04-21T03:00:00+00:00,Match Finished,Clausura - 17,2024,FC Juarez,Club Queretaro,0,2
1372470,2025-04-28T00:00:00+00:00,Match Finished,Clausura - Reclasificacion,2024,FC Juarez,U.N.A.M. - Pumas,1,1
1372469,2025-04-28T01:30:00+00:00,Match Finished,Clausura - Reclasificacion,2024,Monterrey,CF Pachuca,1,2
