season_id,season_label,club_name,club_url,matchday,date_raw,date,time,venue,ranking,opponent,result,status,system_of_play,attendance,home_team,away_team,home_score,away_score
2025,2025/2026,Atlas Guadalajara,https://www.transfermarkt.com/atlas-guadalajara/spielplan/verein/8590/saison_id/2025,1,Sat 12/07/2025,2025-07-12T00:00:00,3:00 AM,A,(14.),Puebla FC,2:3,FINISHED,5-3-2,11.433,Puebla FC,Atlas Guadalajara,3,2
2025,2025/2026,Atlas Guadalajara,https://www.transfermarkt.com/atlas-guadalajara/spielplan/verein/8590/saison_id/2025,2,Sun 20/07/2025,2025-07-20T00:00:00,5:05 AM,H,(4.),CD Cruz Azul,3:3,FINISHED,4-2-3-1,25.098,Atlas Guadalajara,CD Cruz Azul,3,3
2025,2025/2026,Atlas Guadalajara,https://www.transfermarkt.com/atlas-guadalajara/spielplan/verein/8590/saison_id/2025,3,Sun 27/07/2025,2025-07-27T00:00:00,3:00 AM,A,(4.),Monterrey,3:1,FINISHED,3-4-3,47.16,Monterrey,Atlas Guadalajara,1,3
2025,2025/2026,Atlas Guadalajara,https://www.transfermarkt.com/atlas-guadalajara/spielplan/verein/8590/saison_id/2025,4,Sun 10/08/2025,2025-08-10T00:00:00,5:05 AM,H,(10.),Pachuca,0:3,FINISHED,5-4-1,16.773,Atlas Guadalajara,Pachuca,0,3
2025,2025/2026,Atlas Guadalajara,https://www.transfermarkt.com/atlas-guadalajara/spielplan/verein/8590/saison_id/2025,5,Mon 18/08/2025,2025-08-18T00:00:00,12:00 AM,A,(13.),Querétaro FC,3:3,FINISHED,3-4-3,9.261,Querétaro FC,Atlas Guadalajara,3,3
2025,2025/2026,Atlas Guadalajara,https://www.transfermarkt.com/atlas-guadalajara/spielplan/verein/8590/saison_id/2025,6,Mon 25/08/2025,2025-08-25T00:00:00,3:05 AM,H,(15.),América,2:4,FINISHED,5-4-1,35.588,Atlas Guadalajara,América,2,4
2025,2025/2026,Atlas Guadalajara,https://www.transfermarkt.com/atlas-guadalajara/spielplan/verein/8590/saison_id/2025,7,Mon 01/09/2025,2025-09-01T00:00:00,12:00 AM,A,(16.),UNAM Pumas,1:0,FINISHED,5-4-1,17.196,UNAM Pumas,Atlas Guadalajara,0,1
2025,2025/2026,Atlas Guadalajara,https://www.transfermarkt.com/atlas-guadalajara/spielplan/verein/8590/saison_id/2025,8,Sun 14/09/2025,2025-09-14T00:00:00,3:00 AM,H,(15.),Santos Laguna,2:2,FINISHED,5-4-1,13.982,Atlas Guadalajara,Santos Laguna,2,2
2025,2025/2026,Atlas Guadalajara,https://www.transfermarkt.com/atlas-guadalajara/spielplan/verein/8590/saison_id/2025,9,Sat 20/09/2025,2025-09-20T00:00:00,5:00 AM,A,(15.),Mazatlán FC,1:1,FINISHED,5-4-1,9.962,Mazatlán FC,Atlas Guadalajara,1,1
2025,2025/2026,Atlas Guadalajara,https://www.transfermarkt.com/atlas-guadalajara/spielplan/verein/8590/saison_id/2025,10,Thu 25/09/2025,2025-09-25T00:00:00,3:00 AM,A,(16.),Tigres UANL,2:0,FINISHED,3-3-3-1,36.168,Tigres UANL,Atlas Guadalajara,0,2
2025,2025/2026,Atlas Guadalajara,https://www.transfermarkt.com/atlas-guadalajara/spielplan/verein/8590/saison_id/2025,11,Sun 28/09/2025,2025-09-28T00:00:00,1:00 AM,H,(17.),Necaxa,3:2,FINISHED,5-4-1,13.567,Atlas Guadalajara,Necaxa,3,2
2025,2025/2026,Atlas Guadalajara,https://www.transfermarkt.com/atlas-guadalajara/spielplan/verein/8590/saison_id/2025,12,Sat 04/10/2025,2025-10-04T00:00:00,5:05 AM,H,(14.),FC Juárez,3:1,FINISHED,3-4-2-1,13.504,Atlas Guadalajara,FC Juárez,3,1
2025,2025/2026,Atlas Guadalajara,https://www.transfermarkt.com/atlas-guadalajara/spielplan/verein/8590/saison_id/2025,13,Sat 18/10/2025,2025-10-18T00:00:00,5:00 AM,A,(11.),San Luis,2:0,FINISHED,3-4-2-1,13.534,San Luis,Atlas Guadalajara,0,2
2025,2025/2026,Atlas Guadalajara,https://www.transfermarkt.com/atlas-guadalajara/spielplan/verein/8590/saison_id/2025,14,Thu 23/10/2025,2025-10-23T00:00:00,5:00 AM,H,(13.),León,2:0,FINISHED,3-4-2-1,16.256,Atlas Guadalajara,León,2,0
2025,2025/2026,Atlas Guadalajara,https://www.transfermarkt.com/atlas-guadalajara/spielplan/verein/8590/saison_id/2025,15,Sun 26/10/2025,2025-10-26T00:00:00,2:07 AM,A,(11.),Chivas,4:1,FINISHED,3-4-2-1,40.699,Chivas,Atlas Guadalajara,1,4
2025,2025/2026,Atlas Guadalajara,https://www.transfermarkt.com/atlas-guadalajara/spielplan/verein/8590/saison_id/2025,16,Sun 02/11/2025,2025-11-02T00:00:00,12:00 AM,H,(12.),Toluca,0:0,FINISHED,3-4-3 Diamond,15.921,Atlas Guadalajara,Toluca,0,0
2025,2025/2026,Atlas Guadalajara,https://www.transfermarkt.com/atlas-guadalajara/spielplan/verein/8590/saison_id/2025,17,Sat 08/11/2025,2025-11-08T00:00:00,4:00 AM,A,(12.),Club Tijuana,2:0,FINISHED,3-4-3,18.733,Club Tijuana,Atlas Guadalajara,0,2
2025,2025/2026,Atlético de San Luis,https://www.transfermarkt.com/atletico-de-san-luis/spielplan/verein/40188/saison_id/2025,1,Mon 14/07/2025,2025-07-14T00:00:00,3:00 AM,A,(15.),León,0:1,FINISHED,4-2-3-1,21.957,León,Atlético de San Luis,1,0
2025,2025/2026,Atlético de San Luis,https://www.transfermarkt.com/atletico-de-san-luis/spielplan/verein/40188/saison_id/2025,2,Sat 19/07/2025,2025-07-19T00:00:00,5:00 AM,H,(5.),Monterrey,0:1,FINISHED,4-2-3-1,16.93,Atlético de San Luis,Monterrey,0,1
2025,2025/2026,Atlético de San Luis,https://www.transfermarkt.com/atletico-de-san-luis/spielplan/verein/40188/saison_id/2025,3,Sun 27/07/2025,2025-07-27T00:00:00,1:07 AM,A,(9.),Chivas,4:3,FINISHED,4-2-3-1,38.832,Chivas,Atlético de San Luis,3,4
2025,2025/2026,Atlético de San Luis,https://www.transfermarkt.com/atletico-de-san-luis/spielplan/verein/40188/saison_id/2025,4,Tue 12/08/2025,2025-08-12T00:00:00,5:05 AM,H,(13.),CD Cruz Azul,1:2,FINISHED,5-3-2,19.335,Atlético de San Luis,CD Cruz Azul,1,2
2025,2025/2026,Atlético de San Luis,https://www.transfermarkt.com/atletico-de-san-luis/spielplan/verein/40188/saison_id/2025,5,Sat 16/08/2025,2025-08-16T00:00:00,3:00 AM,A,(14.),Puebla FC,0:2,FINISHED,4-2-3-1,10.978,Puebla FC,Atlético de San Luis,2,0
2025,2025/2026,Atlético de San Luis,https://www.transfermarkt.com/atletico-de-san-luis/spielplan/verein/40188/saison_id/2025,6,Sat 23/08/2025,2025-08-23T00:00:00,3:00 AM,A,(9.),Querétaro FC,3:2,FINISHED,4-3-1-2,8.159,Querétaro FC,Atlético de San Luis,2,3
2025,2025/2026,Atlético de San Luis,https://www.transfermarkt.com/atletico-de-san-luis/spielplan/verein/40188/saison_id/2025,7,Sat 30/08/2025,2025-08-30T00:00:00,3:00 AM,H,(10.),Toluca,1:3,FINISHED,4-2-3-1,15.15,Atlético de San Luis,Toluca,1,3
2025,2025/2026,Atlético de San Luis,https://www.transfermarkt.com/atletico-de-san-luis/spielplan/verein/40188/saison_id/2025,8,Mon 15/09/2025,2025-09-15T00:00:00,3:00 AM,H,(13.),Club Tijuana,1:1,FINISHED,4-2-3-1,13.178,Atlético de San Luis,Club Tijuana,1,1
2025,2025/2026,Atlético de San Luis,https://www.transfermarkt.com/atletico-de-san-luis/spielplan/verein/40188/saison_id/2025,9,Mon 22/09/2025,2025-09-22T00:00:00,1:00 AM,A,(13.),Santos Laguna,1:4,FINISHED,4-1-4-1,9.032,Santos Laguna,Atlético de San Luis,4,1
2025,2025/2026,Atlético de San Luis,https://www.transfermarkt.com/atletico-de-san-luis/spielplan/verein/40188/saison_id/2025,10,Thu 25/09/2025,2025-09-25T00:00:00,5:00 AM,H,(11.),América,0:1,FINISHED,4-2-3-1,22.841,Atlético de San Luis,América,0,1
2025,2025/2026,Atlético de San Luis,https://www.transfermarkt.com/atletico-de-san-luis/spielplan/verein/40188/saison_id/2025,11,Sun 28/09/2025,2025-09-28T00:00:00,1:00 AM,A,(12.),Pachuca,2:1,FINISHED,4-2-3-1,10.45,Pachuca,Atlético de San Luis,1,2
2025,2025/2026,Atlético de San Luis,https://www.transfermarkt.com/atletico-de-san-luis/spielplan/verein/40188/saison_id/2025,12,Sat 04/10/2025,2025-10-04T00:00:00,5:00 AM,A,(12.),Mazatlán FC,2:1,FINISHED,4-2-3-1,7.993,Mazatlán FC,Atlético de San Luis,1,2
2025,2025/2026,Atlético de San Luis,https://www.transfermarkt.com/atletico-de-san-luis/spielplan/verein/40188/saison_id/2025,13,Sat 18/10/2025,2025-10-18T00:00:00,5:00 AM,H,(15.),Atlas,2:0,FINISHED,4-4-2 double 6,13.534,Atlético de San Luis,Atlas,2,0
2025,2025/2026,Atlético de San Luis,https://www.transfermarkt.com/atletico-de-san-luis/spielplan/verein/40188/saison_id/2025,14,Thu 23/10/2025,2025-10-23T00:00:00,5:00 AM,A,(11.),UNAM Pumas,0:1,FINISHED,4-1-4-1,10.235,UNAM Pumas,Atlético de San Luis,1,0
2025,2025/2026,Atlético de San Luis,https://www.transfermarkt.com/atletico-de-san-luis/spielplan/verein/40188/saison_id/2025,15,Mon 27/10/2025,2025-10-27T00:00:00,2:00 AM,H,(10.),Necaxa,3:4,FINISHED,3-5-2 Attacking,12.494,Atlético de San Luis,Necaxa,3,4
2025,2025/2026,Atlético de San Luis,https://www.transfermarkt.com/atletico-de-san-luis/spielplan/verein/40188/saison_id/2025,16,Sat 01/11/2025,2025-11-01T00:00:00,4:00 AM,H,(11.),FC Juárez,1:2,FINISHED,4-2-3-1,10.237,Atlético de San Luis,FC Juárez,1,2
2025,2025/2026,Atlético de San Luis,https://www.transfermarkt.com/atletico-de-san-luis/spielplan/verein/40188/saison_id/2025,17,Sun 09/11/2025,2025-11-09T00:00:00,12:00 AM,A,(14.),Tigres UANL,3:1,FINISHED,4-2-3-1,41.615,Tigres UANL,Atlético de San Luis,1,3
2025,2025/2026,CD Cruz Azul,https://www.transfermarkt.com/cd-cruz-azul/spielplan/verein/3711/saison_id/2025,1,Sun 13/07/2025,2025-07-13T00:00:00,5:05 AM,H,(3.),Mazatlán FC,0:0,FINISHED,3-4-2-1,20.098,CD Cruz Azul,Mazatlán FC,0,0
2025,2025/2026,CD Cruz Azul,https://www.transfermarkt.com/cd-cruz-azul/spielplan/verein/3711/saison_id/2025,2,Sun 20/07/2025,2025-07-20T00:00:00,5:05 AM,A,(9.),Atlas,3:3,FINISHED,3-5-2 Attacking,25.098,Atlas,CD Cruz Azul,3,3
2025,2025/2026,CD Cruz Azul,https://www.transfermarkt.com/cd-cruz-azul/spielplan/verein/3711/saison_id/2025,3,Sun 27/07/2025,2025-07-27T00:00:00,3:00 AM,H,(13.),León,4:1,FINISHED,3-4-2-1,20.094,CD Cruz Azul,León,4,1
2025,2025/2026,CD Cruz Azul,https://www.transfermarkt.com/cd-cruz-azul/spielplan/verein/3711/saison_id/2025,4,Tue 12/08/2025,2025-08-12T00:00:00,5:05 AM,A,(5.),San Luis,1:2,FINISHED,3-4-2-1,19.335,San Luis,CD Cruz Azul,2,1
2025,2025/2026,CD Cruz Azul,https://www.transfermarkt.com/cd-cruz-azul/spielplan/verein/3711/saison_id/2025,5,Sun 17/08/2025,2025-08-17T00:00:00,3:00 AM,H,(5.),Santos Laguna,3:2,FINISHED,3-4-2-1,14.101,CD Cruz Azul,Santos Laguna,3,2
2025,2025/2026,CD Cruz Azul,https://www.transfermarkt.com/cd-cruz-azul/spielplan/verein/3711/saison_id/2025,6,Sun 24/08/2025,2025-08-24T00:00:00,5:05 AM,H,(3.),Toluca,1:0,FINISHED,3-4-2-1,22.867,CD Cruz Azul,Toluca,1,0
2025,2025/2026,CD Cruz Azul,https://www.transfermarkt.com/cd-cruz-azul/spielplan/verein/3711/saison_id/2025,7,Sun 31/08/2025,2025-08-31T00:00:00,3:07 AM,A,(3.),Chivas,1:2,FINISHED,3-4-2-1,40.17,Chivas,CD Cruz Azul,2,1
2025,2025/2026,CD Cruz Azul,https://www.transfermarkt.com/cd-cruz-azul/spielplan/verein/3711/saison_id/2025,8,Sun 14/09/2025,2025-09-14T00:00:00,1:00 AM,A,(3.),Pachuca,0:1,FINISHED,3-4-2-1,19.479,Pachuca,CD Cruz Azul,1,0
2025,2025/2026,CD Cruz Azul,https://www.transfermarkt.com/cd-cruz-azul/spielplan/verein/3711/saison_id/2025,9,Sat 20/09/2025,2025-09-20T00:00:00,3:00 AM,H,(2.),FC Juárez,3:2,FINISHED,3-4-2-1,15.815,CD Cruz Azul,FC Juárez,3,2
2025,2025/2026,CD Cruz Azul,https://www.transfermarkt.com/cd-cruz-azul/spielplan/verein/3711/saison_id/2025,10,Thu 25/09/2025,2025-09-25T00:00:00,2:00 AM,H,(1.),Querétaro FC,2:2,FINISHED,3-4-2-1,16.783,CD Cruz Azul,Querétaro FC,2,2
2025,2025/2026,CD Cruz Azul,https://www.transfermarkt.com/cd-cruz-azul/spielplan/verein/3711/saison_id/2025,11,Mon 29/09/2025,2025-09-29T00:00:00,5:05 AM,A,(1.),Club Tijuana,2:0,FINISHED,3-5-2 flat,29.333,Club Tijuana,CD Cruz Azul,0,2
2025,2025/2026,CD Cruz Azul,https://www.transfermarkt.com/cd-cruz-azul/spielplan/verein/3711/saison_id/2025,12,Sun 05/10/2025,2025-10-05T00:00:00,3:00 AM,A,(4.),Tigres UANL,1:1,FINISHED,5-4-1,41.615,Tigres UANL,CD Cruz Azul,1,1
2025,2025/2026,CD Cruz Azul,https://www.transfermarkt.com/cd-cruz-azul/spielplan/verein/3711/saison_id/2025,13,Sun 19/10/2025,2025-10-19T00:00:00,5:05 AM,H,(4.),América,2:1,FINISHED,5-4-1,40.237,CD Cruz Azul,América,2,1
2025,2025/2026,CD Cruz Azul,https://www.transfermarkt.com/cd-cruz-azul/spielplan/verein/3711/saison_id/2025,14,Wed 22/10/2025,2025-10-22T00:00:00,3:00 AM,A,(2.),Necaxa,1:1,FINISHED,3-4-2-1,17.523,Necaxa,CD Cruz Azul,1,1
2025,2025/2026,CD Cruz Azul,https://www.transfermarkt.com/cd-cruz-azul/spielplan/verein/3711/saison_id/2025,15,Sun 26/10/2025,2025-10-26T00:00:00,4:05 AM,H,(5.),Monterrey,2:0,FINISHED,3-4-2-1,18.406,CD Cruz Azul,Monterrey,2,0
2025,2025/2026,CD Cruz Azul,https://www.transfermarkt.com/cd-cruz-azul/spielplan/verein/3711/saison_id/2025,16,Sat 01/11/2025,2025-11-01T00:00:00,4:05 AM,A,(3.),Puebla FC,0:3,FINISHED,3-4-2-1,25.644,Puebla FC,CD Cruz Azul,3,0
2025,2025/2026,CD Cruz Azul,https://www.transfermarkt.com/cd-cruz-azul/spielplan/verein/3711/saison_id/2025,17,Sun 09/11/2025,2025-11-09T00:00:00,4:05 AM,H,(1.),UNAM Pumas,2:3,FINISHED,3-4-2-1,36.025,CD Cruz Azul,UNAM Pumas,2,3
2025,2025/2026,CF América,https://www.transfermarkt.com/cf-america/spielplan/verein/3631/saison_id/2025,1,Sat 12/07/2025,2025-07-12T00:00:00,5:00 AM,A,(4.),FC Juárez,1:1,FINISHED,3-4-3,18.098,FC Juárez,CF América,1,1
2025,2025/2026,CF América,https://www.transfermarkt.com/cf-america/spielplan/verein/3631/saison_id/2025,2,Thu 17/07/2025,2025-07-17T00:00:00,3:00 AM,H,(7.),Club Tijuana,3:1,FINISHED,4-3-3 Attacking,20.398,CF América,Club Tijuana,3,1
2025,2025/2026,CF América,https://www.transfermarkt.com/cf-america/spielplan/verein/3631/saison_id/2025,3,Sun 27/07/2025,2025-07-27T00:00:00,5:05 AM,A,(3.),Necaxa,1:1,FINISHED,4-2-3-1,20.586,Necaxa,CF América,1,1
2025,2025/2026,CF América,https://www.transfermarkt.com/cf-america/spielplan/verein/3631/saison_id/2025,4,Sun 10/08/2025,2025-08-10T00:00:00,3:00 AM,H,(6.),Querétaro FC,1:0,FINISHED,4-4-2,23.701,CF América,Querétaro FC,1,0
2025,2025/2026,CF América,https://www.transfermarkt.com/cf-america/spielplan/verein/3631/saison_id/2025,5,Sun 17/08/2025,2025-08-17T00:00:00,3:00 AM,A,(6.),Tigres UANL,1:3,FINISHED,3-4-3,41.615,Tigres UANL,CF América,3,1
2025,2025/2026,CF América,https://www.transfermarkt.com/cf-america/spielplan/verein/3631/saison_id/2025,6,Mon 25/08/2025,2025-08-25T00:00:00,3:05 AM,A,(4.),Atlas,2:4,FINISHED,4-1-4-1,35.588,Atlas,CF América,4,2
2025,2025/2026,CF América,https://www.transfermarkt.com/cf-america/spielplan/verein/3631/saison_id/2025,7,Sun 31/08/2025,2025-08-31T00:00:00,5:05 AM,H,(2.),Pachuca,2:0,FINISHED,4-1-4-1,x,CF América,Pachuca,2,0
2025,2025/2026,CF América,https://www.transfermarkt.com/cf-america/spielplan/verein/3631/saison_id/2025,8,Sun 14/09/2025,2025-09-14T00:00:00,5:15 AM,H,(2.),Chivas,1:2,FINISHED,5-4-1,30.247,CF América,Chivas,1,2
2025,2025/2026,CF América,https://www.transfermarkt.com/cf-america/spielplan/verein/3631/saison_id/2025,9,Sun 21/09/2025,2025-09-21T00:00:00,5:05 AM,A,(3.),Monterrey,2:2,FINISHED,4-2-3-1,50.910,Monterrey,CF América,2,2
2025,2025/2026,CF América,https://www.transfermarkt.com/cf-america/spielplan/verein/3631/saison_id/2025,10,Thu 25/09/2025,2025-09-25T00:00:00,5:00 AM,A,(4.),San Luis,0:1,FINISHED,4-2-3-1,22.841,San Luis,CF América,1,0
2025,2025/2026,CF América,https://www.transfermarkt.com/cf-america/spielplan/verein/3631/saison_id/2025,11,Sun 28/09/2025,2025-09-28T00:00:00,5:05 AM,H,(4.),UNAM Pumas,4:1,FINISHED,4-2-3-1,26.387,CF América,UNAM Pumas,4,1
2025,2025/2026,CF América,https://www.transfermarkt.com/cf-america/spielplan/verein/3631/saison_id/2025,12,Sun 05/10/2025,2025-10-05T00:00:00,5:05 AM,H,(3.),Santos Laguna,3:0,FINISHED,4-3-3 Attacking,21.870,CF América,Santos Laguna,3,0
2025,2025/2026,CF América,https://www.transfermarkt.com/cf-america/spielplan/verein/3631/saison_id/2025,13,Sun 19/10/2025,2025-10-19T00:00:00,5:05 AM,A,(2.),CD Cruz Azul,2:1,FINISHED,4-3-3 Attacking,40.237,CD Cruz Azul,CF América,1,2
2025,2025/2026,CF América,https://www.transfermarkt.com/cf-america/spielplan/verein/3631/saison_id/2025,14,Wed 22/10/2025,2025-10-22T00:00:00,3:00 AM,H,(3.),Puebla FC,2:1,FINISHED,4-2-3-1,18.130,CF América,Puebla FC,2,1
2025,2025/2026,CF América,https://www.transfermarkt.com/cf-america/spielplan/verein/3631/saison_id/2025,15,Sat 25/10/2025,2025-10-25T00:00:00,5:00 AM,A,(2.),Mazatlán FC,2:2,FINISHED,4-2-3-1,18.660,Mazatlán FC,CF América,2,2
2025,2025/2026,CF América,https://www.transfermarkt.com/cf-america/spielplan/verein/3631/saison_id/2025,16,Sun 02/11/2025,2025-11-02T00:00:00,4:10 AM,H,(4.),León,2:0,FINISHED,4-1-4-1,20.029,CF América,León,2,0
2025,2025/2026,CF América,https://www.transfermarkt.com/cf-america/spielplan/verein/3631/saison_id/2025,17,Sun 09/11/2025,2025-11-09T00:00:00,2:00 AM,A,(3.),Toluca,2:0,FINISHED,3-4-3,27.273,Toluca,CF América,0,2
2025,2025/2026,CF Monterrey,https://www.transfermarkt.com/cf-monterrey/spielplan/verein/2407/saison_id/2025,1,Mon 14/07/2025,2025-07-14T00:00:00,12:00 AM,A,(5.),Pachuca,3:0,FINISHED,5-3-2,13.915,Pachuca,CF Monterrey,0,3
2025,2025/2026,CF Monterrey,https://www.transfermarkt.com/cf-monterrey/spielplan/verein/2407/saison_id/2025,2,Sat 19/07/2025,2025-07-19T00:00:00,5:00 AM,A,(17.),San Luis,0:1,FINISHED,3-4-3,16.93,San Luis,CF Monterrey,1,0
2025,2025/2026,CF Monterrey,https://www.transfermarkt.com/cf-monterrey/spielplan/verein/2407/saison_id/2025,3,Sun 27/07/2025,2025-07-27T00:00:00,3:00 AM,H,(12.),Atlas,3:1,FINISHED,3-4-3,47.16,CF Monterrey,Atlas,3,1
2025,2025/2026,CF Monterrey,https://www.transfermarkt.com/cf-monterrey/spielplan/verein/2407/saison_id/2025,4,Tue 12/08/2025,2025-08-12T00:00:00,3:00 AM,A,(4.),León,1:3,FINISHED,4-2-3-1,23.057,León,CF Monterrey,3,1
2025,2025/2026,CF Monterrey,https://www.transfermarkt.com/cf-monterrey/spielplan/verein/2407/saison_id/2025,5,Mon 18/08/2025,2025-08-18T00:00:00,2:00 AM,H,(4.),Mazatlán FC,3:2,FINISHED,4-2-3-1,45.894,CF Monterrey,Mazatlán FC,3,2
2025,2025/2026,CF Monterrey,https://www.transfermarkt.com/cf-monterrey/spielplan/verein/2407/saison_id/2025,6,Sun 24/08/2025,2025-08-24T00:00:00,3:00 AM,H,(2.),Necaxa,3:0,FINISHED,4-2-3-1,45.032,CF Monterrey,Necaxa,3,0
2025,2025/2026,CF Monterrey,https://www.transfermarkt.com/cf-monterrey/spielplan/verein/2407/saison_id/2025,7,Sat 30/08/2025,2025-08-30T00:00:00,5:05 AM,A,(1.),Puebla FC,2:4,FINISHED,4-2-3-1,21.945,Puebla FC,CF Monterrey,4,2
2025,2025/2026,CF Monterrey,https://www.transfermarkt.com/cf-monterrey/spielplan/verein/2407/saison_id/2025,8,Sun 14/09/2025,2025-09-14T00:00:00,1:00 AM,A,(1.),Querétaro FC,0:1,FINISHED,4-2-3-1,15.673,Querétaro FC,CF Monterrey,1,0
2025,2025/2026,CF Monterrey,https://www.transfermarkt.com/cf-monterrey/spielplan/verein/2407/saison_id/2025,9,Sun 21/09/2025,2025-09-21T00:00:00,5:05 AM,H,(1.),América,2:2,FINISHED,4-2-3-1,50.91,CF Monterrey,América,2,2
2025,2025/2026,CF Monterrey,https://www.transfermarkt.com/cf-monterrey/spielplan/verein/2407/saison_id/2025,10,Thu 25/09/2025,2025-09-25T00:00:00,4:00 AM,A,(2.),Toluca,6:2,FINISHED,4-2-3-1,25.772,Toluca,CF Monterrey,2,6
2025,2025/2026,CF Monterrey,https://www.transfermarkt.com/cf-monterrey/spielplan/verein/2407/saison_id/2025,11,Sun 28/09/2025,2025-09-28T00:00:00,3:00 AM,H,(3.),Santos Laguna,1:0,FINISHED,4-2-3-1,46.29,CF Monterrey,Santos Laguna,1,0
2025,2025/2026,CF Monterrey,https://www.transfermarkt.com/cf-monterrey/spielplan/verein/2407/saison_id/2025,12,Mon 06/10/2025,2025-10-06T00:00:00,5:05 AM,A,(2.),Club Tijuana,2:2,FINISHED,4-2-3-1,22.333,Club Tijuana,CF Monterrey,2,2
2025,2025/2026,CF Monterrey,https://www.transfermarkt.com/cf-monterrey/spielplan/verein/2407/saison_id/2025,13,Sun 19/10/2025,2025-10-19T00:00:00,3:00 AM,H,(3.),UNAM Pumas,1:1,FINISHED,4-2-3-1,47.706,CF Monterrey,UNAM Pumas,1,1
2025,2025/2026,CF Monterrey,https://www.transfermarkt.com/cf-monterrey/spielplan/verein/2407/saison_id/2025,14,Wed 22/10/2025,2025-10-22T00:00:00,5:05 AM,H,(4.),FC Juárez,4:2,FINISHED,4-2-3-1,38.734,CF Monterrey,FC Juárez,4,2
2025,2025/2026,CF Monterrey,https://www.transfermarkt.com/cf-monterrey/spielplan/verein/2407/saison_id/2025,15,Sun 26/10/2025,2025-10-26T00:00:00,4:05 AM,A,(3.),CD Cruz Azul,2:0,FINISHED,3-4-2-1,18.406,CD Cruz Azul,CF Monterrey,0,2
2025,2025/2026,CF Monterrey,https://www.transfermarkt.com/cf-monterrey/spielplan/verein/2407/saison_id/2025,16,Sun 02/11/2025,2025-11-02T00:00:00,2:05 AM,H,(5.),Tigres UANL,1:1,FINISHED,4-2-3-1,50.447,CF Monterrey,Tigres UANL,1,1
2025,2025/2026,CF Monterrey,https://www.transfermarkt.com/cf-monterrey/spielplan/verein/2407/saison_id/2025,17,Sun 09/11/2025,2025-11-09T00:00:00,12:07 AM,A,(5.),Chivas,4:2,FINISHED,3-4-3,40.396,Chivas,CF Monterrey,2,4
2025,2025/2026,CF Pachuca,https://www.transfermarkt.com/cf-pachuca/spielplan/verein/4035/saison_id/2025,1,Mon 14/07/2025,2025-07-14T00:00:00,12:00 AM,H,(9.),Monterrey,3:0,FINISHED,4-2-3-1,13.915,CF Pachuca,Monterrey,3,0
2025,2025/2026,CF Pachuca,https://www.transfermarkt.com/cf-pachuca/spielplan/verein/4035/saison_id/2025,2,Sun 20/07/2025,2025-07-20T00:00:00,8:00 PM,A,(1.),UNAM Pumas,2:3,FINISHED,4-2-3-1,24.277,UNAM Pumas,CF Pachuca,3,2
2025,2025/2026,CF Pachuca,https://www.transfermarkt.com/cf-pachuca/spielplan/verein/4035/saison_id/2025,3,Sat 26/07/2025,2025-07-26T00:00:00,1:00 AM,H,(2.),Mazatlán FC,1:0,FINISHED,4-2-3-1,11.747,CF Pachuca,Mazatlán FC,1,0
2025,2025/2026,CF Pachuca,https://www.transfermarkt.com/cf-pachuca/spielplan/verein/4035/saison_id/2025,4,Sun 10/08/2025,2025-08-10T00:00:00,5:05 AM,A,(1.),Atlas,0:3,FINISHED,4-4-1-1,16.773,Atlas,CF Pachuca,3,0
2025,2025/2026,CF Pachuca,https://www.transfermarkt.com/cf-pachuca/spielplan/verein/4035/saison_id/2025,5,Sun 17/08/2025,2025-08-17T00:00:00,3:00 AM,H,(1.),Club Tijuana,0:2,FINISHED,4-1-4-1,11.798,CF Pachuca,Club Tijuana,0,2
2025,2025/2026,CF Pachuca,https://www.transfermarkt.com/cf-pachuca/spielplan/verein/4035/saison_id/2025,6,Sun 24/08/2025,2025-08-24T00:00:00,1:00 AM,A,(1.),León,1:1,FINISHED,4-2-3-1,20.655,León,CF Pachuca,1,1
2025,2025/2026,CF Pachuca,https://www.transfermarkt.com/cf-pachuca/spielplan/verein/4035/saison_id/2025,7,Sun 31/08/2025,2025-08-31T00:00:00,5:05 AM,A,(4.),América,2:0,FINISHED,4-2-3-1,x,América,CF Pachuca,0,2
2025,2025/2026,CF Pachuca,https://www.transfermarkt.com/cf-pachuca/spielplan/verein/4035/saison_id/2025,8,Sun 14/09/2025,2025-09-14T00:00:00,1:00 AM,H,(6.),CD Cruz Azul,0:1,FINISHED,4-2-3-1,19.479,CF Pachuca,CD Cruz Azul,0,1
2025,2025/2026,CF Pachuca,https://www.transfermarkt.com/cf-pachuca/spielplan/verein/4035/saison_id/2025,9,Sun 21/09/2025,2025-09-21T00:00:00,1:00 AM,H,(7.),Querétaro FC,0:2,FINISHED,4-2-3-1,6.942,CF Pachuca,Querétaro FC,0,2
2025,2025/2026,CF Pachuca,https://www.transfermarkt.com/cf-pachuca/spielplan/verein/4035/saison_id/2025,10,Wed 24/09/2025,2025-09-24T00:00:00,3:00 AM,A,(8.),Puebla FC,2:2,FINISHED,4-2-3-1,9.939,Puebla FC,CF Pachuca,2,2
2025,2025/2026,CF Pachuca,https://www.transfermarkt.com/cf-pachuca/spielplan/verein/4035/saison_id/2025,11,Sun 28/09/2025,2025-09-28T00:00:00,1:00 AM,H,(8.),San Luis,2:1,FINISHED,4-2-3-1,10.450,CF Pachuca,San Luis,2,1
2025,2025/2026,CF Pachuca,https://www.transfermarkt.com/cf-pachuca/spielplan/verein/4035/saison_id/2025,12,Sat 04/10/2025,2025-10-04T00:00:00,3:00 AM,A,(8.),Necaxa,0:1,FINISHED,4-1-4-1,12.777,Necaxa,CF Pachuca,1,0
2025,2025/2026,CF Pachuca,https://www.transfermarkt.com/cf-pachuca/spielplan/verein/4035/saison_id/2025,13,Sun 19/10/2025,2025-10-19T00:00:00,1:00 AM,A,(7.),FC Juárez,2:2,FINISHED,4-2-3-1,6.053,FC Juárez,CF Pachuca,2,2
2025,2025/2026,CF Pachuca,https://www.transfermarkt.com/cf-pachuca/spielplan/verein/4035/saison_id/2025,14,Thu 23/10/2025,2025-10-23T00:00:00,3:00 AM,H,(6.),Tigres UANL,1:2,FINISHED,4-2-3-1,10.485,CF Pachuca,Tigres UANL,1,2
2025,2025/2026,CF Pachuca,https://www.transfermarkt.com/cf-pachuca/spielplan/verein/4035/saison_id/2025,15,Mon 27/10/2025,2025-10-27T00:00:00,2:00 AM,A,(7.),Toluca,2:2,FINISHED,4-2-3-1,24.000,Toluca,CF Pachuca,2,2
2025,2025/2026,CF Pachuca,https://www.transfermarkt.com/cf-pachuca/spielplan/verein/4035/saison_id/2025,16,Mon 03/11/2025,2025-11-03T00:00:00,2:00 AM,H,(7.),Chivas,0:1,FINISHED,4-2-3-1,14.967,CF Pachuca,Chivas,0,1
2025,2025/2026,CF Pachuca,https://www.transfermarkt.com/cf-pachuca/spielplan/verein/4035/saison_id/2025,17,Sun 09/11/2025,2025-11-09T00:00:00,12:00 AM,A,(8.),Santos Laguna,1:0,FINISHED,4-2-3-1,8.740,Santos Laguna,CF Pachuca,0,1
2025,2025/2026,Club León FC,https://www.transfermarkt.com/club-leon-fc/spielplan/verein/4941/saison_id/2025,1,Mon 14/07/2025,2025-07-14T00:00:00,3:00 AM,H,(17.),San Luis,0:1,FINISHED,4-1-4-1,21.957,Club León FC,San Luis,0,1
2025,2025/2026,Club León FC,https://www.transfermarkt.com/club-leon-fc/spielplan/verein/4941/saison_id/2025,2,Sun 20/07/2025,2025-07-20T00:00:00,3:00 AM,H,(14.),Chivas,1:0,FINISHED,4-2-3-1,22.185,Club León FC,Chivas,1,0
2025,2025/2026,Club León FC,https://www.transfermarkt.com/club-leon-fc/spielplan/verein/4941/saison_id/2025,3,Sun 27/07/2025,2025-07-27T00:00:00,3:00 AM,A,(10.),CD Cruz Azul,4:1,FINISHED,4-3-1-2,20.094,CD Cruz Azul,Club León FC,1,4
2025,2025/2026,Club León FC,https://www.transfermarkt.com/club-leon-fc/spielplan/verein/4941/saison_id/2025,4,Tue 12/08/2025,2025-08-12T00:00:00,3:00 AM,H,(16.),Monterrey,1:3,FINISHED,4-2-3-1,23.057,Club León FC,Monterrey,1,3
2025,2025/2026,Club León FC,https://www.transfermarkt.com/club-leon-fc/spielplan/verein/4941/saison_id/2025,5,Sat 16/08/2025,2025-08-16T00:00:00,5:05 AM,A,(15.),Necaxa,0:1,FINISHED,4-2-3-1,19.588,Necaxa,Club León FC,1,0
2025,2025/2026,Club León FC,https://www.transfermarkt.com/club-leon-fc/spielplan/verein/4941/saison_id/2025,6,Sun 24/08/2025,2025-08-24T00:00:00,1:00 AM,H,(10.),Pachuca,1:1,FINISHED,4-2-3-1,20.655,Club León FC,Pachuca,1,1
2025,2025/2026,Club León FC,https://www.transfermarkt.com/club-leon-fc/spielplan/verein/4941/saison_id/2025,7,Sun 31/08/2025,2025-08-31T00:00:00,1:00 AM,H,(9.),Querétaro FC,3:0,FINISHED,4-2-3-1,21.351,Club León FC,Querétaro FC,3,0
2025,2025/2026,Club León FC,https://www.transfermarkt.com/club-leon-fc/spielplan/verein/4941/saison_id/2025,8,Sun 14/09/2025,2025-09-14T00:00:00,3:00 AM,A,(9.),Tigres UANL,0:0,FINISHED,4-2-3-1,40.186,Tigres UANL,Club León FC,0,0
2025,2025/2026,Club León FC,https://www.transfermarkt.com/club-leon-fc/spielplan/verein/4941/saison_id/2025,9,Sat 20/09/2025,2025-09-20T00:00:00,5:05 AM,A,(10.),Club Tijuana,5:0,FINISHED,4-2-3-1,18.333,Club Tijuana,Club León FC,0,5
2025,2025/2026,Club León FC,https://www.transfermarkt.com/club-leon-fc/spielplan/verein/4941/saison_id/2025,10,Wed 24/09/2025,2025-09-24T00:00:00,5:05 AM,H,(10.),Mazatlán FC,2:2,FINISHED,4-2-3-1,24.335,Club León FC,Mazatlán FC,2,2
2025,2025/2026,Club León FC,https://www.transfermarkt.com/club-leon-fc/spielplan/verein/4941/saison_id/2025,11,Sat 27/09/2025,2025-09-27T00:00:00,3:00 AM,A,(10.),FC Juárez,2:0,FINISHED,4-2-3-1,7.008,FC Juárez,Club León FC,0,2
2025,2025/2026,Club León FC,https://www.transfermarkt.com/club-leon-fc/spielplan/verein/4941/saison_id/2025,12,Sun 05/10/2025,2025-10-05T00:00:00,3:00 AM,H,(11.),Toluca,2:4,FINISHED,4-2-3-1,25.795,Club León FC,Toluca,2,4
2025,2025/2026,Club León FC,https://www.transfermarkt.com/club-leon-fc/spielplan/verein/4941/saison_id/2025,13,Sun 19/10/2025,2025-10-19T00:00:00,1:00 AM,A,(12.),Santos Laguna,2:0,FINISHED,4-2-3-1,8.217,Santos Laguna,Club León FC,0,2
2025,2025/2026,Club León FC,https://www.transfermarkt.com/club-leon-fc/spielplan/verein/4941/saison_id/2025,14,Thu 23/10/2025,2025-10-23T00:00:00,5:00 AM,A,(14.),Atlas,2:0,FINISHED,4-1-4-1,16.256,Atlas,Club León FC,0,2
2025,2025/2026,Club León FC,https://www.transfermarkt.com/club-leon-fc/spielplan/verein/4941/saison_id/2025,15,Sun 26/10/2025,2025-10-26T00:00:00,2:00 AM,H,(16.),UNAM Pumas,1:1,FINISHED,4-4-2,21.151,Club León FC,UNAM Pumas,1,1
2025,2025/2026,Club León FC,https://www.transfermarkt.com/club-leon-fc/spielplan/verein/4941/saison_id/2025,16,Sun 02/11/2025,2025-11-02T00:00:00,4:10 AM,A,(17.),América,2:0,FINISHED,4-4-2 double 6,20.029,América,Club León FC,0,2
2025,2025/2026,Club León FC,https://www.transfermarkt.com/club-leon-fc/spielplan/verein/4941/saison_id/2025,17,Sun 09/11/2025,2025-11-09T00:00:00,2:00 AM,H,(17.),Puebla FC,1:2,FINISHED,4-4-2 double 6,25.032,Club León FC,Puebla FC,1,2
2025,2025/2026,Club Necaxa,https://www.transfermarkt.com/club-necaxa/spielplan/verein/1146/saison_id/2025,1,Sun 13/07/2025,2025-07-13T00:00:00,3:00 AM,A,(13.),Toluca,3:1,FINISHED,3-4-3,27.273,Toluca,Club Necaxa,1,3
2025,2025/2026,Club Necaxa,https://www.transfermarkt.com/club-necaxa/spielplan/verein/1146/saison_id/2025,2,Sat 19/07/2025,2025-07-19T00:00:00,3:00 AM,H,(16.),Querétaro FC,3:1,FINISHED,3-4-3,19.108,Club Necaxa,Querétaro FC,3,1
2025,2025/2026,Club Necaxa,https://www.transfermarkt.com/club-necaxa/spielplan/verein/1146/saison_id/2025,3,Sun 27/07/2025,2025-07-27T00:00:00,5:05 AM,H,(8.),América,1:1,FINISHED,4-3-1-2,20.586,Club Necaxa,América,1,1
2025,2025/2026,Club Necaxa,https://www.transfermarkt.com/club-necaxa/spielplan/verein/1146/saison_id/2025,4,Mon 11/08/2025,2025-08-11T00:00:00,2:00 AM,A,(7.),UNAM Pumas,1:1,FINISHED,4-3-1-2,34.108,UNAM Pumas,Club Necaxa,1,1
2025,2025/2026,Club Necaxa,https://www.transfermarkt.com/club-necaxa/spielplan/verein/1146/saison_id/2025,5,Sat 16/08/2025,2025-08-16T00:00:00,5:05 AM,H,(8.),León,0:1,FINISHED,3-4-2-1,19.588,Club Necaxa,León,0,1
2025,2025/2026,Club Necaxa,https://www.transfermarkt.com/club-necaxa/spielplan/verein/1146/saison_id/2025,6,Sun 24/08/2025,2025-08-24T00:00:00,3:00 AM,A,(12.),Monterrey,3:0,FINISHED,4-1-4-1,45.032,Monterrey,Club Necaxa,0,3
2025,2025/2026,Club Necaxa,https://www.transfermarkt.com/club-necaxa/spielplan/verein/1146/saison_id/2025,7,Mon 01/09/2025,2025-09-01T00:00:00,5:00 AM,A,(15.),Club Tijuana,3:0,FINISHED,4-2-3-1,17.233,Club Tijuana,Club Necaxa,0,3
2025,2025/2026,Club Necaxa,https://www.transfermarkt.com/club-necaxa/spielplan/verein/1146/saison_id/2025,8,Sat 13/09/2025,2025-09-13T00:00:00,3:00 AM,H,(16.),FC Juárez,1:1,FINISHED,3-5-2,10.987,Club Necaxa,FC Juárez,1,1
2025,2025/2026,Club Necaxa,https://www.transfermarkt.com/club-necaxa/spielplan/verein/1146/saison_id/2025,9,Sat 20/09/2025,2025-09-20T00:00:00,3:00 AM,H,(16.),Puebla FC,1:0,FINISHED,4-4-1-1,11.49,Club Necaxa,Puebla FC,1,0
2025,2025/2026,Club Necaxa,https://www.transfermarkt.com/club-necaxa/spielplan/verein/1146/saison_id/2025,10,Wed 24/09/2025,2025-09-24T00:00:00,3:07 AM,A,(12.),Chivas,3:1,FINISHED,4-2-3-1,25.13,Chivas,Club Necaxa,1,3
2025,2025/2026,Club Necaxa,https://www.transfermarkt.com/club-necaxa/spielplan/verein/1146/saison_id/2025,11,Sun 28/09/2025,2025-09-28T00:00:00,1:00 AM,A,(14.),Atlas,3:2,FINISHED,3-4-1-2,13.567,Atlas,Club Necaxa,2,3
2025,2025/2026,Club Necaxa,https://www.transfermarkt.com/club-necaxa/spielplan/verein/1146/saison_id/2025,12,Sat 04/10/2025,2025-10-04T00:00:00,3:00 AM,H,(15.),Pachuca,0:1,FINISHED,3-4-1-2,12.777,Club Necaxa,Pachuca,0,1
2025,2025/2026,Club Necaxa,https://www.transfermarkt.com/club-necaxa/spielplan/verein/1146/saison_id/2025,13,Sat 18/10/2025,2025-10-18T00:00:00,5:00 AM,A,(17.),Tigres UANL,5:3,FINISHED,3-1-4-2,41.615,Tigres UANL,Club Necaxa,3,5
2025,2025/2026,Club Necaxa,https://www.transfermarkt.com/club-necaxa/spielplan/verein/1146/saison_id/2025,14,Wed 22/10/2025,2025-10-22T00:00:00,3:00 AM,H,(17.),CD Cruz Azul,1:1,FINISHED,3-1-4-2,17.523,Club Necaxa,CD Cruz Azul,1,1
2025,2025/2026,Club Necaxa,https://www.transfermarkt.com/club-necaxa/spielplan/verein/1146/saison_id/2025,15,Mon 27/10/2025,2025-10-27T00:00:00,2:00 AM,A,(17.),San Luis,3:4,FINISHED,5-3-2,12.494,San Luis,Club Necaxa,4,3
2025,2025/2026,Club Necaxa,https://www.transfermarkt.com/club-necaxa/spielplan/verein/1146/saison_id/2025,16,Sat 01/11/2025,2025-11-01T00:00:00,2:00 AM,H,(16.),Santos Laguna,4:1,FINISHED,5-3-2,14.747,Club Necaxa,Santos Laguna,4,1
2025,2025/2026,Club Necaxa,https://www.transfermarkt.com/club-necaxa/spielplan/verein/1146/saison_id/2025,17,Sat 08/11/2025,2025-11-08T00:00:00,4:00 AM,A,(15.),Mazatlán FC,1:1,FINISHED,3-5-2,9.546,Mazatlán FC,Club Necaxa,1,1
2025,2025/2026,Club Tijuana,https://www.transfermarkt.com/club-tijuana/spielplan/verein/13353/saison_id/2025,1,Sat 12/07/2025,2025-07-12T00:00:00,5:05 AM,H,(7.),Querétaro FC,1:0,FINISHED,4-1-4-1,18.333,Club Tijuana,Querétaro FC,1,0
2025,2025/2026,Club Tijuana,https://www.transfermarkt.com/club-tijuana/spielplan/verein/13353/saison_id/2025,2,Thu 17/07/2025,2025-07-17T00:00:00,3:00 AM,A,(6.),América,3:1,FINISHED,4-1-4-1,20.398,América,Club Tijuana,1,3
2025,2025/2026,Club Tijuana,https://www.transfermarkt.com/club-tijuana/spielplan/verein/13353/saison_id/2025,3,Sat 26/07/2025,2025-07-26T00:00:00,5:00 AM,H,(11.),FC Juárez,1:1,FINISHED,4-1-4-1,18.133,Club Tijuana,FC Juárez,1,1
2025,2025/2026,Club Tijuana,https://www.transfermarkt.com/club-tijuana/spielplan/verein/13353/saison_id/2025,4,Sun 10/08/2025,2025-08-10T00:00:00,5:00 AM,A,(11.),Mazatlán FC,2:2,FINISHED,4-5-1,9.747,Mazatlán FC,Club Tijuana,2,2
2025,2025/2026,Club Tijuana,https://www.transfermarkt.com/club-tijuana/spielplan/verein/13353/saison_id/2025,5,Sun 17/08/2025,2025-08-17T00:00:00,3:00 AM,A,(10.),Pachuca,0:2,FINISHED,4-4-2,11.798,Pachuca,Club Tijuana,2,0
2025,2025/2026,Club Tijuana,https://www.transfermarkt.com/club-tijuana/spielplan/verein/13353/saison_id/2025,6,Sat 23/08/2025,2025-08-23T00:00:00,5:00 AM,H,(7.),Chivas,3:3,FINISHED,4-3-3 Attacking,28.553,Club Tijuana,Chivas,3,3
2025,2025/2026,Club Tijuana,https://www.transfermarkt.com/club-tijuana/spielplan/verein/13353/saison_id/2025,7,Mon 01/09/2025,2025-09-01T00:00:00,5:00 AM,H,(7.),Necaxa,3:0,FINISHED,4-4-2 double 6,17.233,Club Tijuana,Necaxa,3,0
2025,2025/2026,Club Tijuana,https://www.transfermarkt.com/club-tijuana/spielplan/verein/13353/saison_id/2025,8,Mon 15/09/2025,2025-09-15T00:00:00,3:00 AM,A,(7.),San Luis,1:1,FINISHED,4-1-4-1,13.178,San Luis,Club Tijuana,1,1
2025,2025/2026,Club Tijuana,https://www.transfermarkt.com/club-tijuana/spielplan/verein/13353/saison_id/2025,9,Sat 20/09/2025,2025-09-20T00:00:00,5:05 AM,H,(6.),León,5:0,FINISHED,4-1-4-1,18.333,Club Tijuana,León,5,0
2025,2025/2026,Club Tijuana,https://www.transfermarkt.com/club-tijuana/spielplan/verein/13353/saison_id/2025,10,Thu 25/09/2025,2025-09-25T00:00:00,5:00 AM,A,(5.),Santos Laguna,1:0,FINISHED,4-2-3-1,7.154,Santos Laguna,Club Tijuana,0,1
2025,2025/2026,Club Tijuana,https://www.transfermarkt.com/club-tijuana/spielplan/verein/13353/saison_id/2025,11,Mon 29/09/2025,2025-09-29T00:00:00,5:05 AM,H,(6.),CD Cruz Azul,2:0,FINISHED,4-4-2,29.333,Club Tijuana,CD Cruz Azul,2,0
2025,2025/2026,Club Tijuana,https://www.transfermarkt.com/club-tijuana/spielplan/verein/13353/saison_id/2025,12,Mon 06/10/2025,2025-10-06T00:00:00,5:05 AM,H,(6.),Monterrey,2:2,FINISHED,4-4-2,22.333,Club Tijuana,Monterrey,2,2
2025,2025/2026,Club Tijuana,https://www.transfermarkt.com/club-tijuana/spielplan/verein/13353/saison_id/2025,13,Sat 18/10/2025,2025-10-18T00:00:00,3:00 AM,A,(6.),Puebla FC,4:3,FINISHED,4-4-2 double 6,6.955,Puebla FC,Club Tijuana,3,4
2025,2025/2026,Club Tijuana,https://www.transfermarkt.com/club-tijuana/spielplan/verein/13353/saison_id/2025,14,Thu 23/10/2025,2025-10-23T00:00:00,5:00 AM,H,(7.),Toluca,0:0,FINISHED,4-4-2 double 6,23.333,Club Tijuana,Toluca,0,0
2025,2025/2026,Club Tijuana,https://www.transfermarkt.com/club-tijuana/spielplan/verein/13353/saison_id/2025,15,Sun 26/10/2025,2025-10-26T00:00:00,1:00 AM,A,(6.),Tigres UANL,2:0,FINISHED,4-4-2 double 6,41.615,Tigres UANL,Club Tijuana,0,2
2025,2025/2026,Club Tijuana,https://www.transfermarkt.com/club-tijuana/spielplan/verein/13353/saison_id/2025,16,Sun 02/11/2025,2025-11-02T00:00:00,7:00 PM,A,(8.),UNAM Pumas,4:1,FINISHED,4-2-3-1,13.901,UNAM Pumas,Club Tijuana,1,4
2025,2025/2026,Club Tijuana,https://www.transfermarkt.com/club-tijuana/spielplan/verein/13353/saison_id/2025,17,Sat 08/11/2025,2025-11-08T00:00:00,4:00 AM,H,(9.),Atlas,2:0,FINISHED,4-4-2,18.733,Club Tijuana,Atlas,2,0
2025,2025/2026,Deportivo Guadalajara,https://www.transfermarkt.com/deportivo-guadalajara/spielplan/verein/6711/saison_id/2025,1,Thu 18/09/2025,2025-09-18T00:00:00,3:05 AM,H,(6.),Tigres UANL,0:0,FINISHED,3-1-4-2,29.257,Deportivo Guadalajara,Tigres UANL,0,0
2025,2025/2026,Deportivo Guadalajara,https://www.transfermarkt.com/deportivo-guadalajara/spielplan/verein/6711/saison_id/2025,2,Sun 20/07/2025,2025-07-20T00:00:00,3:00 AM,A,(10.),León,1:0,FINISHED,3-4-2-1,22.185,León,Deportivo Guadalajara,0,1
2025,2025/2026,Deportivo Guadalajara,https://www.transfermarkt.com/deportivo-guadalajara/spielplan/verein/6711/saison_id/2025,3,Sun 27/07/2025,2025-07-27T00:00:00,1:07 AM,H,(15.),San Luis,4:3,FINISHED,3-4-2-1,38.832,Deportivo Guadalajara,San Luis,4,3
2025,2025/2026,Deportivo Guadalajara,https://www.transfermarkt.com/deportivo-guadalajara/spielplan/verein/6711/saison_id/2025,4,Mon 11/08/2025,2025-08-11T00:00:00,4:05 AM,A,(8.),Santos Laguna,1:0,FINISHED,3-4-2-1,16.155,Santos Laguna,Deportivo Guadalajara,0,1
2025,2025/2026,Deportivo Guadalajara,https://www.transfermarkt.com/deportivo-guadalajara/spielplan/verein/6711/saison_id/2025,5,Sun 17/08/2025,2025-08-17T00:00:00,1:07 AM,H,(11.),FC Juárez,1:2,FINISHED,3-4-2-1,33.176,Deportivo Guadalajara,FC Juárez,1,2
2025,2025/2026,Deportivo Guadalajara,https://www.transfermarkt.com/deportivo-guadalajara/spielplan/verein/6711/saison_id/2025,6,Sat 23/08/2025,2025-08-23T00:00:00,5:00 AM,A,(16.),Club Tijuana,3:3,FINISHED,3-4-1-2,28.553,Club Tijuana,Deportivo Guadalajara,3,3
2025,2025/2026,Deportivo Guadalajara,https://www.transfermarkt.com/deportivo-guadalajara/spielplan/verein/6711/saison_id/2025,7,Sun 31/08/2025,2025-08-31T00:00:00,3:07 AM,H,(14.),CD Cruz Azul,1:2,FINISHED,3-4-1-2,40.17,Deportivo Guadalajara,CD Cruz Azul,1,2
2025,2025/2026,Deportivo Guadalajara,https://www.transfermarkt.com/deportivo-guadalajara/spielplan/verein/6711/saison_id/2025,8,Sun 14/09/2025,2025-09-14T00:00:00,5:15 AM,A,(14.),América,1:2,FINISHED,3-1-4-2,30.247,América,Deportivo Guadalajara,2,1
2025,2025/2026,Deportivo Guadalajara,https://www.transfermarkt.com/deportivo-guadalajara/spielplan/verein/6711/saison_id/2025,9,Sun 21/09/2025,2025-09-21T00:00:00,3:07 AM,H,(11.),Toluca,0:3,FINISHED,3-4-2-1,37.371,Deportivo Guadalajara,Toluca,0,3
2025,2025/2026,Deportivo Guadalajara,https://www.transfermarkt.com/deportivo-guadalajara/spielplan/verein/6711/saison_id/2025,10,Wed 24/09/2025,2025-09-24T00:00:00,3:07 AM,H,(13.),Necaxa,3:1,FINISHED,3-1-4-2,25.13,Deportivo Guadalajara,Necaxa,3,1
2025,2025/2026,Deportivo Guadalajara,https://www.transfermarkt.com/deportivo-guadalajara/spielplan/verein/6711/saison_id/2025,11,Sun 28/09/2025,2025-09-28T00:00:00,1:00 AM,A,(11.),Puebla FC,0:2,FINISHED,4-4-2,22.177,Puebla FC,Deportivo Guadalajara,2,0
2025,2025/2026,Deportivo Guadalajara,https://www.transfermarkt.com/deportivo-guadalajara/spielplan/verein/6711/saison_id/2025,12,Mon 06/10/2025,2025-10-06T00:00:00,3:00 AM,A,(9.),UNAM Pumas,1:2,FINISHED,3-4-2-1,41.35,UNAM Pumas,Deportivo Guadalajara,2,1
2025,2025/2026,Deportivo Guadalajara,https://www.transfermarkt.com/deportivo-guadalajara/spielplan/verein/6711/saison_id/2025,13,Sun 19/10/2025,2025-10-19T00:00:00,3:07 AM,H,(9.),Mazatlán FC,2:0,FINISHED,3-4-2-1,34.478,Deportivo Guadalajara,Mazatlán FC,2,0
2025,2025/2026,Deportivo Guadalajara,https://www.transfermarkt.com/deportivo-guadalajara/spielplan/verein/6711/saison_id/2025,14,Thu 23/10/2025,2025-10-23T00:00:00,3:00 AM,A,(8.),Querétaro FC,1:0,FINISHED,3-4-2-1,27.712,Querétaro FC,Deportivo Guadalajara,0,1
2025,2025/2026,Deportivo Guadalajara,https://www.transfermarkt.com/deportivo-guadalajara/spielplan/verein/6711/saison_id/2025,15,Sun 26/10/2025,2025-10-26T00:00:00,2:07 AM,H,(8.),Atlas,4:1,FINISHED,3-4-2-1,40.699,Deportivo Guadalajara,Atlas,4,1
2025,2025/2026,Deportivo Guadalajara,https://www.transfermarkt.com/deportivo-guadalajara/spielplan/verein/6711/saison_id/2025,16,Mon 03/11/2025,2025-11-03T00:00:00,2:00 AM,A,(6.),Pachuca,0:1,FINISHED,4-2-3-1,14.967,Pachuca,Deportivo Guadalajara,1,0
2025,2025/2026,Deportivo Guadalajara,https://www.transfermarkt.com/deportivo-guadalajara/spielplan/verein/6711/saison_id/2025,17,Sun 09/11/2025,2025-11-09T00:00:00,12:07 AM,H,(6.),Monterrey,4:2,FINISHED,3-4-2-1,40.396,Deportivo Guadalajara,Monterrey,4,2
2025,2025/2026,Deportivo Toluca,https://www.transfermarkt.com/deportivo-toluca/spielplan/verein/1804/saison_id/2025,1,Sun 13/07/2025,2025-07-13T00:00:00,3:00 AM,H,(1.),Necaxa,3:1,FINISHED,4-2-3-1,27.273,Deportivo Toluca,Necaxa,3,1
2025,2025/2026,Deportivo Toluca,https://www.transfermarkt.com/deportivo-toluca/spielplan/verein/1804/saison_id/2025,2,Thu 17/07/2025,2025-07-17T00:00:00,5:05 AM,A,(3.),Santos Laguna,2:4,FINISHED,3-1-4-2,19.155,Santos Laguna,Deportivo Toluca,4,2
2025,2025/2026,Deportivo Toluca,https://www.transfermarkt.com/deportivo-toluca/spielplan/verein/1804/saison_id/2025,3,Sun 27/07/2025,2025-07-27T00:00:00,3:00 AM,H,(1.),Tigres UANL,3:4,FINISHED,4-2-3-1,27.273,Deportivo Toluca,Tigres UANL,3,4
2025,2025/2026,Deportivo Toluca,https://www.transfermarkt.com/deportivo-toluca/spielplan/verein/1804/saison_id/2025,4,Tue 12/08/2025,2025-08-12T00:00:00,5:00 AM,A,(3.),FC Juárez,0:2,FINISHED,4-4-2 Diamond,7.793,FC Juárez,Deportivo Toluca,2,0
2025,2025/2026,Deportivo Toluca,https://www.transfermarkt.com/deportivo-toluca/spielplan/verein/1804/saison_id/2025,5,Sun 17/08/2025,2025-08-17T00:00:00,5:00 AM,H,(3.),UNAM Pumas,1:1,FINISHED,4-2-3-1,27.273,Deportivo Toluca,UNAM Pumas,1,1
2025,2025/2026,Deportivo Toluca,https://www.transfermarkt.com/deportivo-toluca/spielplan/verein/1804/saison_id/2025,6,Sun 24/08/2025,2025-08-24T00:00:00,5:05 AM,A,(6.),CD Cruz Azul,1:0,FINISHED,3-4-3,22.867,CD Cruz Azul,Deportivo Toluca,0,1
2025,2025/2026,Deportivo Toluca,https://www.transfermarkt.com/deportivo-toluca/spielplan/verein/1804/saison_id/2025,7,Sat 30/08/2025,2025-08-30T00:00:00,3:00 AM,A,(6.),San Luis,1:3,FINISHED,4-2-3-1,15.15,San Luis,Deportivo Toluca,3,1
2025,2025/2026,Deportivo Toluca,https://www.transfermarkt.com/deportivo-toluca/spielplan/verein/1804/saison_id/2025,8,Sun 14/09/2025,2025-09-14T00:00:00,5:00 AM,H,(5.),Puebla FC,3:1,FINISHED,4-2-3-1,26.589,Deportivo Toluca,Puebla FC,3,1
2025,2025/2026,Deportivo Toluca,https://www.transfermarkt.com/deportivo-toluca/spielplan/verein/1804/saison_id/2025,9,Sun 21/09/2025,2025-09-21T00:00:00,3:07 AM,A,(4.),Chivas,0:3,FINISHED,4-2-3-1,37.371,Chivas,Deportivo Toluca,3,0
2025,2025/2026,Deportivo Toluca,https://www.transfermarkt.com/deportivo-toluca/spielplan/verein/1804/saison_id/2025,10,Thu 25/09/2025,2025-09-25T00:00:00,4:00 AM,H,(3.),Monterrey,6:2,FINISHED,4-4-2 double 6,25.772,Deportivo Toluca,Monterrey,6,2
2025,2025/2026,Deportivo Toluca,https://www.transfermarkt.com/deportivo-toluca/spielplan/verein/1804/saison_id/2025,11,Sun 28/09/2025,2025-09-28T00:00:00,3:00 AM,H,(2.),Mazatlán FC,3:1,FINISHED,4-2-3-1,22.273,Deportivo Toluca,Mazatlán FC,3,1
2025,2025/2026,Deportivo Toluca,https://www.transfermarkt.com/deportivo-toluca/spielplan/verein/1804/saison_id/2025,12,Sun 05/10/2025,2025-10-05T00:00:00,3:00 AM,A,(1.),León,2:4,FINISHED,4-2-3-1,25.795,León,Deportivo Toluca,4,2
2025,2025/2026,Deportivo Toluca,https://www.transfermarkt.com/deportivo-toluca/spielplan/verein/1804/saison_id/2025,13,Sun 19/10/2025,2025-10-19T00:00:00,1:00 AM,H,(1.),Querétaro FC,4:0,FINISHED,4-2-3-1,27.273,Deportivo Toluca,Querétaro FC,4,0
2025,2025/2026,Deportivo Toluca,https://www.transfermarkt.com/deportivo-toluca/spielplan/verein/1804/saison_id/2025,14,Thu 23/10/2025,2025-10-23T00:00:00,5:00 AM,A,(1.),Club Tijuana,0:0,FINISHED,5-3-2,23.333,Club Tijuana,Deportivo Toluca,0,0
2025,2025/2026,Deportivo Toluca,https://www.transfermarkt.com/deportivo-toluca/spielplan/verein/1804/saison_id/2025,15,Mon 27/10/2025,2025-10-27T00:00:00,2:00 AM,H,(1.),Pachuca,2:2,FINISHED,4-2-3-1,24.0,Deportivo Toluca,Pachuca,2,2
2025,2025/2026,Deportivo Toluca,https://www.transfermarkt.com/deportivo-toluca/spielplan/verein/1804/saison_id/2025,16,Sun 02/11/2025,2025-11-02T00:00:00,12:00 AM,A,(1.),Atlas,0:0,FINISHED,3-4-2-1,15.921,Atlas,Deportivo Toluca,0,0
2025,2025/2026,Deportivo Toluca,https://www.transfermarkt.com/deportivo-toluca/spielplan/verein/1804/saison_id/2025,17,Sun 09/11/2025,2025-11-09T00:00:00,2:00 AM,H,(2.),América,2:0,FINISHED,3-4-3,27.273,Deportivo Toluca,América,2,0
2025,2025/2026,FC Juárez,https://www.transfermarkt.com/fc-juarez/spielplan/verein/49283/saison_id/2025,1,Sat 12/07/2025,2025-07-12T00:00:00,5:00 AM,H,(8.),América,1:1,FINISHED,3-4-3,18.098,FC Juárez,América,1,1
2025,2025/2026,FC Juárez,https://www.transfermarkt.com/fc-juarez/spielplan/verein/49283/saison_id/2025,2,Sun 20/07/2025,2025-07-20T00:00:00,3:00 AM,A,(8.),Tigres UANL,1:0,FINISHED,4-3-2-1,41.615,Tigres UANL,FC Juárez,0,1
2025,2025/2026,FC Juárez,https://www.transfermarkt.com/fc-juarez/spielplan/verein/49283/saison_id/2025,3,Sat 26/07/2025,2025-07-26T00:00:00,5:00 AM,A,(14.),Club Tijuana,1:1,FINISHED,4-4-1-1,18.133,Club Tijuana,FC Juárez,1,1
2025,2025/2026,FC Juárez,https://www.transfermarkt.com/fc-juarez/spielplan/verein/49283/saison_id/2025,4,Tue 12/08/2025,2025-08-12T00:00:00,5:00 AM,H,(17.),Toluca,0:2,FINISHED,3-4-2-1,7.793,FC Juárez,Toluca,0,2
2025,2025/2026,FC Juárez,https://www.transfermarkt.com/fc-juarez/spielplan/verein/49283/saison_id/2025,5,Sun 17/08/2025,2025-08-17T00:00:00,1:07 AM,A,(17.),Chivas,1:2,FINISHED,3-4-2-1,33.176,Chivas,FC Juárez,2,1
2025,2025/2026,FC Juárez,https://www.transfermarkt.com/fc-juarez/spielplan/verein/49283/saison_id/2025,6,Sat 23/08/2025,2025-08-23T00:00:00,3:00 AM,H,(14.),Santos Laguna,2:1,FINISHED,4-1-3-2,7.518,FC Juárez,Santos Laguna,2,1
2025,2025/2026,FC Juárez,https://www.transfermarkt.com/fc-juarez/spielplan/verein/49283/saison_id/2025,7,Sat 30/08/2025,2025-08-30T00:00:00,3:00 AM,H,(8.),Mazatlán FC,1:0,FINISHED,3-4-3 Diamond,6.822,FC Juárez,Mazatlán FC,1,0
2025,2025/2026,FC Juárez,https://www.transfermarkt.com/fc-juarez/spielplan/verein/49283/saison_id/2025,8,Sat 13/09/2025,2025-09-13T00:00:00,3:00 AM,A,(8.),Necaxa,1:1,FINISHED,4-4-2 double 6,10.987,Necaxa,FC Juárez,1,1
2025,2025/2026,FC Juárez,https://www.transfermarkt.com/fc-juarez/spielplan/verein/49283/saison_id/2025,9,Sat 20/09/2025,2025-09-20T00:00:00,3:00 AM,A,(9.),CD Cruz Azul,3:2,FINISHED,4-4-1-1,15.815,CD Cruz Azul,FC Juárez,2,3
2025,2025/2026,FC Juárez,https://www.transfermarkt.com/fc-juarez/spielplan/verein/49283/saison_id/2025,10,Wed 24/09/2025,2025-09-24T00:00:00,5:00 AM,H,(9.),UNAM Pumas,3:1,FINISHED,3-4-2-1,10.09,FC Juárez,UNAM Pumas,3,1
2025,2025/2026,FC Juárez,https://www.transfermarkt.com/fc-juarez/spielplan/verein/49283/saison_id/2025,11,Sat 27/09/2025,2025-09-27T00:00:00,3:00 AM,H,(7.),León,2:0,FINISHED,4-4-1-1,7.008,FC Juárez,León,2,0
2025,2025/2026,FC Juárez,https://www.transfermarkt.com/fc-juarez/spielplan/verein/49283/saison_id/2025,12,Sat 04/10/2025,2025-10-04T00:00:00,5:05 AM,A,(7.),Atlas,3:1,FINISHED,4-1-4-1,13.504,Atlas,FC Juárez,1,3
2025,2025/2026,FC Juárez,https://www.transfermarkt.com/fc-juarez/spielplan/verein/49283/saison_id/2025,13,Sun 19/10/2025,2025-10-19T00:00:00,1:00 AM,H,(8.),Pachuca,2:2,FINISHED,4-4-1-1,6.053,FC Juárez,Pachuca,2,2
2025,2025/2026,FC Juárez,https://www.transfermarkt.com/fc-juarez/spielplan/verein/49283/saison_id/2025,14,Wed 22/10/2025,2025-10-22T00:00:00,5:05 AM,A,(9.),Monterrey,4:2,FINISHED,4-4-1-1,38.734,Monterrey,FC Juárez,2,4
2025,2025/2026,FC Juárez,https://www.transfermarkt.com/fc-juarez/spielplan/verein/49283/saison_id/2025,15,Sat 25/10/2025,2025-10-25T00:00:00,3:00 AM,H,(9.),Puebla FC,4:4,FINISHED,4-2-3-1,7.006,FC Juárez,Puebla FC,4,4
2025,2025/2026,FC Juárez,https://www.transfermarkt.com/fc-juarez/spielplan/verein/49283/saison_id/2025,16,Sat 01/11/2025,2025-11-01T00:00:00,4:00 AM,A,(9.),San Luis,1:2,FINISHED,4-4-1-1,10.237,San Luis,FC Juárez,2,1
2025,2025/2026,FC Juárez,https://www.transfermarkt.com/fc-juarez/spielplan/verein/49283/saison_id/2025,17,Sat 08/11/2025,2025-11-08T00:00:00,2:00 AM,H,(7.),Querétaro FC,1:2,FINISHED,4-1-4-1,8.556,FC Juárez,Querétaro FC,1,2
2025,2025/2026,Mazatlán FC,https://www.transfermarkt.com/mazatlan-fc/spielplan/verein/82696/saison_id/2025,1,Sun 13/07/2025,2025-07-13T00:00:00,5:05 AM,A,(16.),CD Cruz Azul,0:0,FINISHED,3-4-2-1,20.098,CD Cruz Azul,Mazatlán FC,0,0
2025,2025/2026,Mazatlán FC,https://www.transfermarkt.com/mazatlan-fc/spielplan/verein/82696/saison_id/2025,2,Sat 19/07/2025,2025-07-19T00:00:00,5:05 AM,H,(11.),Puebla FC,2:1,FINISHED,3-4-2-1,8.703,Mazatlán FC,Puebla FC,2,1
2025,2025/2026,Mazatlán FC,https://www.transfermarkt.com/mazatlan-fc/spielplan/verein/82696/saison_id/2025,3,Sat 26/07/2025,2025-07-26T00:00:00,1:00 AM,A,(5.),Pachuca,1:0,FINISHED,4-2-3-1,11.747,Pachuca,Mazatlán FC,0,1
2025,2025/2026,Mazatlán FC,https://www.transfermarkt.com/mazatlan-fc/spielplan/verein/82696/saison_id/2025,4,Sun 10/08/2025,2025-08-10T00:00:00,5:00 AM,H,(9.),Club Tijuana,2:2,FINISHED,4-1-4-1,9.747,Mazatlán FC,Club Tijuana,2,2
2025,2025/2026,Mazatlán FC,https://www.transfermarkt.com/mazatlan-fc/spielplan/verein/82696/saison_id/2025,5,Mon 18/08/2025,2025-08-18T00:00:00,2:00 AM,A,(9.),Monterrey,3:2,FINISHED,4-2-3-1,45.894,Monterrey,Mazatlán FC,2,3
2025,2025/2026,Mazatlán FC,https://www.transfermarkt.com/mazatlan-fc/spielplan/verein/82696/saison_id/2025,6,Sun 24/08/2025,2025-08-24T00:00:00,5:00 AM,H,(11.),Tigres UANL,2:2,FINISHED,4-2-3-1,13.656,Mazatlán FC,Tigres UANL,2,2
2025,2025/2026,Mazatlán FC,https://www.transfermarkt.com/mazatlan-fc/spielplan/verein/82696/saison_id/2025,7,Sat 30/08/2025,2025-08-30T00:00:00,3:00 AM,A,(12.),FC Juárez,1:0,FINISHED,5-4-1,6.822,FC Juárez,Mazatlán FC,0,1
2025,2025/2026,Mazatlán FC,https://www.transfermarkt.com/mazatlan-fc/spielplan/verein/82696/saison_id/2025,8,Sat 13/09/2025,2025-09-13T00:00:00,5:00 AM,H,(12.),UNAM Pumas,1:4,FINISHED,4-4-2,10.606,Mazatlán FC,UNAM Pumas,1,4
2025,2025/2026,Mazatlán FC,https://www.transfermarkt.com/mazatlan-fc/spielplan/verein/82696/saison_id/2025,9,Sat 20/09/2025,2025-09-20T00:00:00,5:00 AM,H,(14.),Atlas,1:1,FINISHED,4-1-4-1,9.962,Mazatlán FC,Atlas,1,1
2025,2025/2026,Mazatlán FC,https://www.transfermarkt.com/mazatlan-fc/spielplan/verein/82696/saison_id/2025,10,Wed 24/09/2025,2025-09-24T00:00:00,5:05 AM,A,(15.),León,2:2,FINISHED,4-4-1-1,24.335,León,Mazatlán FC,2,2
2025,2025/2026,Mazatlán FC,https://www.transfermarkt.com/mazatlan-fc/spielplan/verein/82696/saison_id/2025,11,Sun 28/09/2025,2025-09-28T00:00:00,3:00 AM,A,(15.),Toluca,3:1,FINISHED,3-4-3 Diamond,22.273,Toluca,Mazatlán FC,1,3
2025,2025/2026,Mazatlán FC,https://www.transfermarkt.com/mazatlan-fc/spielplan/verein/82696/saison_id/2025,12,Sat 04/10/2025,2025-10-04T00:00:00,5:00 AM,H,(16.),San Luis,2:1,FINISHED,3-4-3,7.993,Mazatlán FC,San Luis,2,1
2025,2025/2026,Mazatlán FC,https://www.transfermarkt.com/mazatlan-fc/spielplan/verein/82696/saison_id/2025,13,Sun 19/10/2025,2025-10-19T00:00:00,3:07 AM,A,(13.),Chivas,2:0,FINISHED,3-5-2,34.478,Chivas,Mazatlán FC,0,2
2025,2025/2026,Mazatlán FC,https://www.transfermarkt.com/mazatlan-fc/spielplan/verein/82696/saison_id/2025,14,Wed 22/10/2025,2025-10-22T00:00:00,5:00 AM,H,(15.),Santos Laguna,2:2,FINISHED,3-4-1-2,6.528,Mazatlán FC,Santos Laguna,2,2
2025,2025/2026,Mazatlán FC,https://www.transfermarkt.com/mazatlan-fc/spielplan/verein/82696/saison_id/2025,15,Sat 25/10/2025,2025-10-25T00:00:00,5:00 AM,H,(15.),América,2:2,FINISHED,5-4-1,18.66,Mazatlán FC,América,2,2
2025,2025/2026,Mazatlán FC,https://www.transfermarkt.com/mazatlan-fc/spielplan/verein/82696/saison_id/2025,16,Mon 03/11/2025,2025-11-03T00:00:00,12:00 AM,A,(15.),Querétaro FC,1:0,FINISHED,3-4-3,8.803,Querétaro FC,Mazatlán FC,0,1
2025,2025/2026,Mazatlán FC,https://www.transfermarkt.com/mazatlan-fc/spielplan/verein/82696/saison_id/2025,17,Sat 08/11/2025,2025-11-08T00:00:00,4:00 AM,H,(16.),Necaxa,1:1,FINISHED,3-5-2 flat,9.546,Mazatlán FC,Necaxa,1,1
2025,2025/2026,Puebla FC,https://www.transfermarkt.com/puebla-fc/spielplan/verein/5662/saison_id/2025,1,Sat 12/07/2025,2025-07-12T00:00:00,3:00 AM,H,(18.),Atlas,2:3,FINISHED,4-3-3 Attacking,11.433,Puebla FC,Atlas,2,3
2025,2025/2026,Puebla FC,https://www.transfermarkt.com/puebla-fc/spielplan/verein/5662/saison_id/2025,2,Sat 19/07/2025,2025-07-19T00:00:00,5:05 AM,A,(13.),Mazatlán FC,2:1,FINISHED,5-4-1,8.703,Mazatlán FC,Puebla FC,1,2
2025,2025/2026,Puebla FC,https://www.transfermarkt.com/puebla-fc/spielplan/verein/5662/saison_id/2025,3,Sat 26/07/2025,2025-07-26T00:00:00,3:00 AM,H,(16.),Santos Laguna,1:0,FINISHED,3-4-2-1,13.25,Puebla FC,Santos Laguna,1,0
2025,2025/2026,Puebla FC,https://www.transfermarkt.com/puebla-fc/spielplan/verein/5662/saison_id/2025,4,Sat 09/08/2025,2025-08-09T00:00:00,5:00 AM,A,(14.),Tigres UANL,7:0,FINISHED,3-4-2-1,40.023,Tigres UANL,Puebla FC,0,7
2025,2025/2026,Puebla FC,https://www.transfermarkt.com/puebla-fc/spielplan/verein/5662/saison_id/2025,5,Sat 16/08/2025,2025-08-16T00:00:00,3:00 AM,H,(16.),San Luis,0:2,FINISHED,3-4-2-1,10.978,Puebla FC,San Luis,0,2
2025,2025/2026,Puebla FC,https://www.transfermarkt.com/puebla-fc/spielplan/verein/5662/saison_id/2025,6,Sun 24/08/2025,2025-08-24T00:00:00,1:00 AM,A,(17.),UNAM Pumas,0:0,FINISHED,3-4-3,18.45,UNAM Pumas,Puebla FC,0,0
2025,2025/2026,Puebla FC,https://www.transfermarkt.com/puebla-fc/spielplan/verein/5662/saison_id/2025,7,Sat 30/08/2025,2025-08-30T00:00:00,5:05 AM,H,(18.),Monterrey,2:4,FINISHED,4-4-2,21.945,Puebla FC,Monterrey,2,4
2025,2025/2026,Puebla FC,https://www.transfermarkt.com/puebla-fc/spielplan/verein/5662/saison_id/2025,8,Sun 14/09/2025,2025-09-14T00:00:00,5:00 AM,A,(18.),Toluca,3:1,FINISHED,5-4-1,26.589,Toluca,Puebla FC,1,3
2025,2025/2026,Puebla FC,https://www.transfermarkt.com/puebla-fc/spielplan/verein/5662/saison_id/2025,9,Sat 20/09/2025,2025-09-20T00:00:00,3:00 AM,A,(18.),Necaxa,1:0,FINISHED,4-4-2,11.49,Necaxa,Puebla FC,0,1
2025,2025/2026,Puebla FC,https://www.transfermarkt.com/puebla-fc/spielplan/verein/5662/saison_id/2025,10,Wed 24/09/2025,2025-09-24T00:00:00,3:00 AM,H,(18.),Pachuca,2:2,FINISHED,4-4-2,9.939,Puebla FC,Pachuca,2,2
2025,2025/2026,Puebla FC,https://www.transfermarkt.com/puebla-fc/spielplan/verein/5662/saison_id/2025,11,Sun 28/09/2025,2025-09-28T00:00:00,1:00 AM,H,(18.),Chivas,0:2,FINISHED,4-4-2,22.177,Puebla FC,Chivas,0,2
2025,2025/2026,Puebla FC,https://www.transfermarkt.com/puebla-fc/spielplan/verein/5662/saison_id/2025,12,Sun 05/10/2025,2025-10-05T00:00:00,1:00 AM,A,(18.),Querétaro FC,3:1,FINISHED,3-5-2,7.763,Querétaro FC,Puebla FC,1,3
2025,2025/2026,Puebla FC,https://www.transfermarkt.com/puebla-fc/spielplan/verein/5662/saison_id/2025,13,Sat 18/10/2025,2025-10-18T00:00:00,3:00 AM,H,(18.),Club Tijuana,4:3,FINISHED,5-4-1 Diamond,6.955,Puebla FC,Club Tijuana,4,3
2025,2025/2026,Puebla FC,https://www.transfermarkt.com/puebla-fc/spielplan/verein/5662/saison_id/2025,14,Wed 22/10/2025,2025-10-22T00:00:00,3:00 AM,A,(18.),América,2:1,FINISHED,5-4-1,18.13,América,Puebla FC,1,2
2025,2025/2026,Puebla FC,https://www.transfermarkt.com/puebla-fc/spielplan/verein/5662/saison_id/2025,15,Sat 25/10/2025,2025-10-25T00:00:00,3:00 AM,A,(18.),FC Juárez,4:4,FINISHED,5-4-1 Diamond,7.006,FC Juárez,Puebla FC,4,4
2025,2025/2026,Puebla FC,https://www.transfermarkt.com/puebla-fc/spielplan/verein/5662/saison_id/2025,16,Sat 01/11/2025,2025-11-01T00:00:00,4:05 AM,H,(18.),CD Cruz Azul,0:3,FINISHED,5-4-1,25.644,Puebla FC,CD Cruz Azul,0,3
2025,2025/2026,Puebla FC,https://www.transfermarkt.com/puebla-fc/spielplan/verein/5662/saison_id/2025,17,Sun 09/11/2025,2025-11-09T00:00:00,2:00 AM,A,(18.),León,1:2,FINISHED,4-1-4-1,25.032,León,Puebla FC,2,1
2025,2025/2026,Querétaro FC,https://www.transfermarkt.com/queretaro-fc/spielplan/verein/4961/saison_id/2025,1,Sat 12/07/2025,2025-07-12T00:00:00,5:05 AM,A,(12.),Club Tijuana,1:0,FINISHED,4-5-1,18.333,Club Tijuana,Querétaro FC,0,1
2025,2025/2026,Querétaro FC,https://www.transfermarkt.com/queretaro-fc/spielplan/verein/4961/saison_id/2025,2,Sat 19/07/2025,2025-07-19T00:00:00,3:00 AM,A,(15.),Necaxa,3:1,FINISHED,3-4-2-1,19.108,Necaxa,Querétaro FC,1,3
2025,2025/2026,Querétaro FC,https://www.transfermarkt.com/queretaro-fc/spielplan/verein/4961/saison_id/2025,3,Sat 26/07/2025,2025-07-26T00:00:00,3:00 AM,H,(17.),UNAM Pumas,0:2,FINISHED,3-4-3,23.432,Querétaro FC,UNAM Pumas,0,2
2025,2025/2026,Querétaro FC,https://www.transfermarkt.com/queretaro-fc/spielplan/verein/4961/saison_id/2025,4,Sun 10/08/2025,2025-08-10T00:00:00,3:00 AM,A,(18.),América,1:0,FINISHED,5-4-1,23.701,América,Querétaro FC,0,1
2025,2025/2026,Querétaro FC,https://www.transfermarkt.com/queretaro-fc/spielplan/verein/4961/saison_id/2025,5,Mon 18/08/2025,2025-08-18T00:00:00,12:00 AM,H,(18.),Atlas,3:3,FINISHED,3-4-3 Diamond,9.261,Querétaro FC,Atlas,3,3
2025,2025/2026,Querétaro FC,https://www.transfermarkt.com/queretaro-fc/spielplan/verein/4961/saison_id/2025,6,Sat 23/08/2025,2025-08-23T00:00:00,3:00 AM,H,(18.),San Luis,3:2,FINISHED,4-2-3-1,8.159,Querétaro FC,San Luis,3,2
2025,2025/2026,Querétaro FC,https://www.transfermarkt.com/queretaro-fc/spielplan/verein/4961/saison_id/2025,7,Sun 31/08/2025,2025-08-31T00:00:00,1:00 AM,A,(17.),León,3:0,FINISHED,4-2-3-1,21.351,León,Querétaro FC,0,3
2025,2025/2026,Querétaro FC,https://www.transfermarkt.com/queretaro-fc/spielplan/verein/4961/saison_id/2025,8,Sun 14/09/2025,2025-09-14T00:00:00,1:00 AM,H,(17.),Monterrey,0:1,FINISHED,4-4-2,15.673,Querétaro FC,Monterrey,0,1
2025,2025/2026,Querétaro FC,https://www.transfermarkt.com/queretaro-fc/spielplan/verein/4961/saison_id/2025,9,Sun 21/09/2025,2025-09-21T00:00:00,1:00 AM,A,(17.),Pachuca,0:2,FINISHED,4-2-3-1,6.942,Pachuca,Querétaro FC,2,0
2025,2025/2026,Querétaro FC,https://www.transfermarkt.com/queretaro-fc/spielplan/verein/4961/saison_id/2025,10,Thu 25/09/2025,2025-09-25T00:00:00,2:00 AM,A,(17.),CD Cruz Azul,2:2,FINISHED,5-4-1,16.783,CD Cruz Azul,Querétaro FC,2,2
2025,2025/2026,Querétaro FC,https://www.transfermarkt.com/queretaro-fc/spielplan/verein/4961/saison_id/2025,11,Mon 29/09/2025,2025-09-29T00:00:00,1:00 AM,H,(16.),Tigres UANL,0:2,FINISHED,4-1-4-1,17.71,Querétaro FC,Tigres UANL,0,2
2025,2025/2026,Querétaro FC,https://www.transfermarkt.com/queretaro-fc/spielplan/verein/4961/saison_id/2025,12,Sun 05/10/2025,2025-10-05T00:00:00,1:00 AM,H,(17.),Puebla FC,3:1,FINISHED,4-1-4-1,7.763,Querétaro FC,Puebla FC,3,1
2025,2025/2026,Querétaro FC,https://www.transfermarkt.com/queretaro-fc/spielplan/verein/4961/saison_id/2025,13,Sun 19/10/2025,2025-10-19T00:00:00,1:00 AM,A,(14.),Toluca,4:0,FINISHED,4-1-4-1,27.273,Toluca,Querétaro FC,0,4
2025,2025/2026,Querétaro FC,https://www.transfermarkt.com/queretaro-fc/spielplan/verein/4961/saison_id/2025,14,Thu 23/10/2025,2025-10-23T00:00:00,3:00 AM,H,(16.),Chivas,1:0,FINISHED,4-1-4-1,27.712,Querétaro FC,Chivas,1,0
2025,2025/2026,Querétaro FC,https://www.transfermarkt.com/queretaro-fc/spielplan/verein/4961/saison_id/2025,15,Mon 27/10/2025,2025-10-27T00:00:00,12:00 AM,A,(14.),Santos Laguna,3:1,FINISHED,4-4-1-1,8.563,Santos Laguna,Querétaro FC,1,3
2025,2025/2026,Querétaro FC,https://www.transfermarkt.com/queretaro-fc/spielplan/verein/4961/saison_id/2025,16,Mon 03/11/2025,2025-11-03T00:00:00,12:00 AM,H,(14.),Mazatlán FC,1:0,FINISHED,4-1-4-1,8.803,Querétaro FC,Mazatlán FC,1,0
2025,2025/2026,Querétaro FC,https://www.transfermarkt.com/queretaro-fc/spielplan/verein/4961/saison_id/2025,17,Sat 08/11/2025,2025-11-08T00:00:00,2:00 AM,A,(13.),FC Juárez,1:2,FINISHED,4-1-4-1,8.556,FC Juárez,Querétaro FC,2,1
2025,2025/2026,Santos Laguna,https://www.transfermarkt.com/santos-laguna/spielplan/verein/1403/saison_id/2025,1,Sun 13/07/2025,2025-07-13T00:00:00,3:00 AM,H,(11.),UNAM Pumas,3:0,FINISHED,5-3-2,11.508,Santos Laguna,UNAM Pumas,3,0
2025,2025/2026,Santos Laguna,https://www.transfermarkt.com/santos-laguna/spielplan/verein/1403/saison_id/2025,2,Thu 17/07/2025,2025-07-17T00:00:00,5:05 AM,H,(2.),Toluca,2:4,FINISHED,5-3-2,19.155,Santos Laguna,Toluca,2,4
2025,2025/2026,Santos Laguna,https://www.transfermarkt.com/santos-laguna/spielplan/verein/1403/saison_id/2025,3,Sat 26/07/2025,2025-07-26T00:00:00,3:00 AM,A,(7.),Puebla FC,1:0,FINISHED,5-3-2,13.25,Puebla FC,Santos Laguna,0,1
2025,2025/2026,Santos Laguna,https://www.transfermarkt.com/santos-laguna/spielplan/verein/1403/saison_id/2025,4,Mon 11/08/2025,2025-08-11T00:00:00,4:05 AM,H,(12.),Chivas,1:0,FINISHED,4-3-1-2,16.155,Santos Laguna,Chivas,1,0
2025,2025/2026,Santos Laguna,https://www.transfermarkt.com/santos-laguna/spielplan/verein/1403/saison_id/2025,5,Sun 17/08/2025,2025-08-17T00:00:00,3:00 AM,A,(7.),CD Cruz Azul,3:2,FINISHED,4-3-3 Defending,14.101,CD Cruz Azul,Santos Laguna,2,3
2025,2025/2026,Santos Laguna,https://www.transfermarkt.com/santos-laguna/spielplan/verein/1403/saison_id/2025,6,Sat 23/08/2025,2025-08-23T00:00:00,3:00 AM,A,(8.),FC Juárez,2:1,FINISHED,4-1-4-1,7.518,FC Juárez,Santos Laguna,1,2
2025,2025/2026,Santos Laguna,https://www.transfermarkt.com/santos-laguna/spielplan/verein/1403/saison_id/2025,7,Sun 31/08/2025,2025-08-31T00:00:00,3:00 AM,H,(11.),Tigres UANL,0:1,FINISHED,4-2-3-1,15.457,Santos Laguna,Tigres UANL,0,1
2025,2025/2026,Santos Laguna,https://www.transfermarkt.com/santos-laguna/spielplan/verein/1403/saison_id/2025,8,Sun 14/09/2025,2025-09-14T00:00:00,3:00 AM,A,(11.),Atlas,2:2,FINISHED,4-3-3 Attacking,13.982,Atlas,Santos Laguna,2,2
2025,2025/2026,Santos Laguna,https://www.transfermarkt.com/santos-laguna/spielplan/verein/1403/saison_id/2025,9,Mon 22/09/2025,2025-09-22T00:00:00,1:00 AM,H,(12.),San Luis,1:4,FINISHED,4-3-3 Attacking,9.032,Santos Laguna,San Luis,1,4
2025,2025/2026,Santos Laguna,https://www.transfermarkt.com/santos-laguna/spielplan/verein/1403/saison_id/2025,10,Thu 25/09/2025,2025-09-25T00:00:00,5:00 AM,H,(14.),Club Tijuana,1:0,FINISHED,4-2-3-1,7.154,Santos Laguna,Club Tijuana,1,0
2025,2025/2026,Santos Laguna,https://www.transfermarkt.com/santos-laguna/spielplan/verein/1403/saison_id/2025,11,Sun 28/09/2025,2025-09-28T00:00:00,3:00 AM,A,(13.),Monterrey,1:0,FINISHED,4-1-4-1,46.29,Monterrey,Santos Laguna,0,1
2025,2025/2026,Santos Laguna,https://www.transfermarkt.com/santos-laguna/spielplan/verein/1403/saison_id/2025,12,Sun 05/10/2025,2025-10-05T00:00:00,5:05 AM,A,(13.),América,3:0,FINISHED,4-1-4-1,21.87,América,Santos Laguna,0,3
2025,2025/2026,Santos Laguna,https://www.transfermarkt.com/santos-laguna/spielplan/verein/1403/saison_id/2025,13,Sun 19/10/2025,2025-10-19T00:00:00,1:00 AM,H,(16.),León,2:0,FINISHED,4-1-4-1,8.217,Santos Laguna,León,2,0
2025,2025/2026,Santos Laguna,https://www.transfermarkt.com/santos-laguna/spielplan/verein/1403/saison_id/2025,14,Wed 22/10/2025,2025-10-22T00:00:00,5:00 AM,A,(12.),Mazatlán FC,2:2,FINISHED,4-2-3-1,6.528,Mazatlán FC,Santos Laguna,2,2
2025,2025/2026,Santos Laguna,https://www.transfermarkt.com/santos-laguna/spielplan/verein/1403/saison_id/2025,15,Mon 27/10/2025,2025-10-27T00:00:00,12:00 AM,H,(13.),Querétaro FC,3:1,FINISHED,4-1-4-1,8.563,Santos Laguna,Querétaro FC,3,1
2025,2025/2026,Santos Laguna,https://www.transfermarkt.com/santos-laguna/spielplan/verein/1403/saison_id/2025,16,Sat 01/11/2025,2025-11-01T00:00:00,2:00 AM,A,(10.),Necaxa,4:1,FINISHED,4-1-4-1,14.747,Necaxa,Santos Laguna,1,4
2025,2025/2026,Santos Laguna,https://www.transfermarkt.com/santos-laguna/spielplan/verein/1403/saison_id/2025,17,Sun 09/11/2025,2025-11-09T00:00:00,12:00 AM,H,(11.),Pachuca,1:0,FINISHED,4-1-4-1,8.74,Santos Laguna,Pachuca,1,0
2025,2025/2026,Tigres UANL,https://www.transfermarkt.com/tigres-uanl/spielplan/verein/7055/saison_id/2025,1,Thu 18/09/2025,2025-09-18T00:00:00,3:05 AM,A,(2.),Chivas,0:0,FINISHED,4-2-3-1,29.257,Chivas,Tigres UANL,0,0
2025,2025/2026,Tigres UANL,https://www.transfermarkt.com/tigres-uanl/spielplan/verein/7055/saison_id/2025,2,Sun 20/07/2025,2025-07-20T00:00:00,3:00 AM,H,(12.),FC Juárez,1:0,FINISHED,4-4-2,41.615,Tigres UANL,FC Juárez,1,0
2025,2025/2026,Tigres UANL,https://www.transfermarkt.com/tigres-uanl/spielplan/verein/7055/saison_id/2025,3,Sun 27/07/2025,2025-07-27T00:00:00,3:00 AM,A,(6.),Toluca,3:4,FINISHED,4-4-1-1,27.273,Toluca,Tigres UANL,4,3
2025,2025/2026,Tigres UANL,https://www.transfermarkt.com/tigres-uanl/spielplan/verein/7055/saison_id/2025,4,Sat 09/08/2025,2025-08-09T00:00:00,5:00 AM,H,(2.),Puebla FC,7:0,FINISHED,4-4-2,40.023,Tigres UANL,Puebla FC,7,0
2025,2025/2026,Tigres UANL,https://www.transfermarkt.com/tigres-uanl/spielplan/verein/7055/saison_id/2025,5,Sun 17/08/2025,2025-08-17T00:00:00,3:00 AM,H,(2.),América,1:3,FINISHED,4-4-2,41.615,Tigres UANL,América,1,3
2025,2025/2026,Tigres UANL,https://www.transfermarkt.com/tigres-uanl/spielplan/verein/7055/saison_id/2025,6,Sun 24/08/2025,2025-08-24T00:00:00,5:00 AM,A,(5.),Mazatlán FC,2:2,FINISHED,4-4-2 double 6,13.656,Mazatlán FC,Tigres UANL,2,2
2025,2025/2026,Tigres UANL,https://www.transfermarkt.com/tigres-uanl/spielplan/verein/7055/saison_id/2025,7,Sun 31/08/2025,2025-08-31T00:00:00,3:00 AM,A,(5.),Santos Laguna,0:1,FINISHED,4-2-3-1,15.457,Santos Laguna,Tigres UANL,1,0
2025,2025/2026,Tigres UANL,https://www.transfermarkt.com/tigres-uanl/spielplan/verein/7055/saison_id/2025,8,Sun 14/09/2025,2025-09-14T00:00:00,3:00 AM,H,(4.),León,0:0,FINISHED,4-4-2 Diamond,40.186,Tigres UANL,León,0,0
2025,2025/2026,Tigres UANL,https://www.transfermarkt.com/tigres-uanl/spielplan/verein/7055/saison_id/2025,9,Sun 21/09/2025,2025-09-21T00:00:00,3:00 AM,A,(5.),UNAM Pumas,1:1,FINISHED,4-2-3-1,25.935,UNAM Pumas,Tigres UANL,1,1
2025,2025/2026,Tigres UANL,https://www.transfermarkt.com/tigres-uanl/spielplan/verein/7055/saison_id/2025,10,Thu 25/09/2025,2025-09-25T00:00:00,3:00 AM,H,(6.),Atlas,2:0,FINISHED,4-2-3-1,36.168,Tigres UANL,Atlas,2,0
2025,2025/2026,Tigres UANL,https://www.transfermarkt.com/tigres-uanl/spielplan/verein/7055/saison_id/2025,11,Mon 29/09/2025,2025-09-29T00:00:00,1:00 AM,A,(5.),Querétaro FC,0:2,FINISHED,4-2-3-1,17.71,Querétaro FC,Tigres UANL,2,0
2025,2025/2026,Tigres UANL,https://www.transfermarkt.com/tigres-uanl/spielplan/verein/7055/saison_id/2025,12,Sun 05/10/2025,2025-10-05T00:00:00,3:00 AM,H,(5.),CD Cruz Azul,1:1,FINISHED,4-1-4-1,41.615,Tigres UANL,CD Cruz Azul,1,1
2025,2025/2026,Tigres UANL,https://www.transfermarkt.com/tigres-uanl/spielplan/verein/7055/saison_id/2025,13,Sat 18/10/2025,2025-10-18T00:00:00,5:00 AM,H,(5.),Necaxa,5:3,FINISHED,4-1-4-1,41.615,Tigres UANL,Necaxa,5,3
2025,2025/2026,Tigres UANL,https://www.transfermarkt.com/tigres-uanl/spielplan/verein/7055/saison_id/2025,14,Thu 23/10/2025,2025-10-23T00:00:00,3:00 AM,A,(5.),Pachuca,1:2,FINISHED,4-1-4-1,10.485,Pachuca,Tigres UANL,2,1
2025,2025/2026,Tigres UANL,https://www.transfermarkt.com/tigres-uanl/spielplan/verein/7055/saison_id/2025,15,Sun 26/10/2025,2025-10-26T00:00:00,1:00 AM,H,(4.),Club Tijuana,2:0,FINISHED,4-1-4-1,41.615,Tigres UANL,Club Tijuana,2,0
2025,2025/2026,Tigres UANL,https://www.transfermarkt.com/tigres-uanl/spielplan/verein/7055/saison_id/2025,16,Sun 02/11/2025,2025-11-02T00:00:00,2:05 AM,A,(2.),Monterrey,1:1,FINISHED,4-1-4-1,50.447,Monterrey,Tigres UANL,1,1
2025,2025/2026,Tigres UANL,https://www.transfermarkt.com/tigres-uanl/spielplan/verein/7055/saison_id/2025,17,Sun 09/11/2025,2025-11-09T00:00:00,12:00 AM,H,(4.),San Luis,3:1,FINISHED,4-4-2 double 6,41.615,Tigres UANL,San Luis,3,1
2025,2025/2026,UNAM Pumas,https://www.transfermarkt.com/unam-pumas/spielplan/verein/7633/saison_id/2025,1,Sun 13/07/2025,2025-07-13T00:00:00,3:00 AM,A,(10.),Santos Laguna,3:0,FINISHED,4-2-3-1,11.508,Santos Laguna,UNAM Pumas,0,3
2025,2025/2026,UNAM Pumas,https://www.transfermarkt.com/unam-pumas/spielplan/verein/7633/saison_id/2025,2,Sun 20/07/2025,2025-07-20T00:00:00,8:00 PM,H,(18.),Pachuca,2:3,FINISHED,4-4-2,24.277,UNAM Pumas,Pachuca,2,3
2025,2025/2026,UNAM Pumas,https://www.transfermarkt.com/unam-pumas/spielplan/verein/7633/saison_id/2025,3,Sat 26/07/2025,2025-07-26T00:00:00,3:00 AM,A,(18.),Querétaro FC,0:2,FINISHED,4-2-3-1,23.432,Querétaro FC,UNAM Pumas,2,0
2025,2025/2026,UNAM Pumas,https://www.transfermarkt.com/unam-pumas/spielplan/verein/7633/saison_id/2025,4,Mon 11/08/2025,2025-08-11T00:00:00,2:00 AM,H,(15.),Necaxa,1:1,FINISHED,4-2-3-1,34.108,UNAM Pumas,Necaxa,1,1
2025,2025/2026,UNAM Pumas,https://www.transfermarkt.com/unam-pumas/spielplan/verein/7633/saison_id/2025,5,Sun 17/08/2025,2025-08-17T00:00:00,5:00 AM,A,(12.),Toluca,1:1,FINISHED,4-2-3-1,27.273,Toluca,UNAM Pumas,1,1
2025,2025/2026,UNAM Pumas,https://www.transfermarkt.com/unam-pumas/spielplan/verein/7633/saison_id/2025,6,Sun 24/08/2025,2025-08-24T00:00:00,1:00 AM,H,(13.),Puebla FC,0:0,FINISHED,4-1-4-1,18.45,UNAM Pumas,Puebla FC,0,0
2025,2025/2026,UNAM Pumas,https://www.transfermarkt.com/unam-pumas/spielplan/verein/7633/saison_id/2025,7,Mon 01/09/2025,2025-09-01T00:00:00,12:00 AM,H,(13.),Atlas,1:0,FINISHED,4-2-3-1,17.196,UNAM Pumas,Atlas,1,0
2025,2025/2026,UNAM Pumas,https://www.transfermarkt.com/unam-pumas/spielplan/verein/7633/saison_id/2025,8,Sat 13/09/2025,2025-09-13T00:00:00,5:00 AM,A,(10.),Mazatlán FC,1:4,FINISHED,4-2-3-1,10.606,Mazatlán FC,UNAM Pumas,4,1
2025,2025/2026,UNAM Pumas,https://www.transfermarkt.com/unam-pumas/spielplan/verein/7633/saison_id/2025,9,Sun 21/09/2025,2025-09-21T00:00:00,3:00 AM,H,(8.),Tigres UANL,1:1,FINISHED,4-2-3-1,25.935,UNAM Pumas,Tigres UANL,1,1
2025,2025/2026,UNAM Pumas,https://www.transfermarkt.com/unam-pumas/spielplan/verein/7633/saison_id/2025,10,Wed 24/09/2025,2025-09-24T00:00:00,5:00 AM,A,(7.),FC Juárez,3:1,FINISHED,4-4-2,10.09,FC Juárez,UNAM Pumas,1,3
2025,2025/2026,UNAM Pumas,https://www.transfermarkt.com/unam-pumas/spielplan/verein/7633/saison_id/2025,11,Sun 28/09/2025,2025-09-28T00:00:00,5:05 AM,A,(9.),América,4:1,FINISHED,4-2-3-1,26.387,América,UNAM Pumas,1,4
2025,2025/2026,UNAM Pumas,https://www.transfermarkt.com/unam-pumas/spielplan/verein/7633/saison_id/2025,12,Mon 06/10/2025,2025-10-06T00:00:00,3:00 AM,H,(10.),Chivas,1:2,FINISHED,4-2-3-1,41.35,UNAM Pumas,Chivas,1,2
2025,2025/2026,UNAM Pumas,https://www.transfermarkt.com/unam-pumas/spielplan/verein/7633/saison_id/2025,13,Sun 19/10/2025,2025-10-19T00:00:00,3:00 AM,A,(10.),Monterrey,1:1,FINISHED,5-4-1,47.706,Monterrey,UNAM Pumas,1,1
2025,2025/2026,UNAM Pumas,https://www.transfermarkt.com/unam-pumas/spielplan/verein/7633/saison_id/2025,14,Thu 23/10/2025,2025-10-23T00:00:00,5:00 AM,H,(10.),San Luis,0:1,FINISHED,4-2-3-1,10.235,UNAM Pumas,San Luis,0,1
2025,2025/2026,UNAM Pumas,https://www.transfermarkt.com/unam-pumas/spielplan/verein/7633/saison_id/2025,15,Sun 26/10/2025,2025-10-26T00:00:00,2:00 AM,A,(12.),León,1:1,FINISHED,3-4-3,21.151,León,UNAM Pumas,1,1
2025,2025/2026,UNAM Pumas,https://www.transfermarkt.com/unam-pumas/spielplan/verein/7633/saison_id/2025,16,Sun 02/11/2025,2025-11-02T00:00:00,7:00 PM,H,(13.),Club Tijuana,4:1,FINISHED,4-1-3-2,13.901,UNAM Pumas,Club Tijuana,4,1
2025,2025/2026,UNAM Pumas,https://www.transfermarkt.com/unam-pumas/spielplan/verein/7633/saison_id/2025,17,Sun 09/11/2025,2025-11-09T00:00:00,4:05 AM,A,(10.),CD Cruz Azul,2:3,FINISHED,4-1-3-2,36.025,CD Cruz Azul,UNAM Pumas,3,2
