id,date,matchday,home_team,away_team,home_score,away_score,status
560542,2026-08-21T19:00:00Z,1,Arsenal FC,Coventry City FC,,,SCHEDULED
560543,2026-08-22T11:30:00Z,1,Hull City AFC,Manchester United FC,,,SCHEDULED
560544,2026-08-22T14:00:00Z,1,Ipswich Town FC,Sunderland AFC,,,SCHEDULED
560545,2026-08-22T14:00:00Z,1,Nottingham Forest FC,Leeds United FC,,,SCHEDULED
560546,2026-08-22T14:00:00Z,1,Everton FC,Crystal Palace FC,,,SCHEDULED
560547,2026-08-22T16:30:00Z,1,Brentford FC,Tottenham Hotspur FC,,,SCHEDULED
560548,2026-08-23T13:00:00Z,1,Manchester City FC,AFC Bournemouth,,,SCHEDULED
560549,2026-08-23T13:00:00Z,1,Brighton & Hove Albion FC,Aston Villa FC,,,SCHEDULED
560550,2026-08-23T15:30:00Z,1,Newcastle United FC,Liverpool FC,,,SCHEDULED
560551,2026-08-24T19:00:00Z,1,Fulham FC,Chelsea FC,,,SCHEDULED
560555,2026-08-28T19:00:00Z,2,Crystal Palace FC,Manchester City FC,,,SCHEDULED
560552,2026-08-29T11:30:00Z,2,Liverpool FC,Nottingham Forest FC,,,SCHEDULED
560560,2026-08-29T14:00:00Z,2,AFC Bournemouth,Everton FC,,,SCHEDULED
560561,2026-08-29T14:00:00Z,2,Coventry City FC,Hull City AFC,,,SCHEDULED
560558,2026-08-29T16:30:00Z,2,Tottenham Hotspur FC,Newcastle United FC,,,SCHEDULED
560554,2026-08-30T13:00:00Z,2,Sunderland AFC,Fulham FC,,,SCHEDULED
560556,2026-08-30T13:00:00Z,2,Chelsea FC,Brighton & Hove Albion FC,,,SCHEDULED
560559,2026-08-30T13:00:00Z,2,Leeds United FC,Brentford FC,,,SCHEDULED
560553,2026-08-30T15:30:00Z,2,Manchester United FC,Ipswich Town FC,,,SCHEDULED
560557,2026-08-31T19:00:00Z,2,Aston Villa FC,Arsenal FC,,,SCHEDULED
560566,2026-09-04T19:00:00Z,3,Ipswich Town FC,Liverpool FC,,,SCHEDULED
560571,2026-09-05T11:30:00Z,3,Newcastle United FC,AFC Bournemouth,,,SCHEDULED
560562,2026-09-05T14:00:00Z,3,Nottingham Forest FC,Tottenham Hotspur FC,,,SCHEDULED
560563,2026-09-05T14:00:00Z,3,Manchester City FC,Coventry City FC,,,SCHEDULED
560564,2026-09-05T14:00:00Z,3,Brighton & Hove Albion FC,Leeds United FC,,,SCHEDULED
560565,2026-09-05T14:00:00Z,3,Brentford FC,Sunderland AFC,,,SCHEDULED
560568,2026-09-05T14:00:00Z,3,Fulham FC,Crystal Palace FC,,,SCHEDULED
560569,2026-09-05T16:30:00Z,3,Hull City AFC,Aston Villa FC,,,SCHEDULED
560567,2026-09-06T13:00:00Z,3,Everton FC,Manchester United FC,,,SCHEDULED
560570,2026-09-06T15:30:00Z,3,Arsenal FC,Chelsea FC,,,SCHEDULED
560572,2026-09-12T14:00:00Z,4,Crystal Palace FC,Ipswich Town FC,,,SCHEDULED
560573,2026-09-12T14:00:00Z,4,Liverpool FC,Fulham FC,,,SCHEDULED
560574,2026-09-12T14:00:00Z,4,Aston Villa FC,Nottingham Forest FC,,,SCHEDULED
560576,2026-09-12T14:00:00Z,4,AFC Bournemouth,Brentford FC,,,SCHEDULED
560581,2026-09-12T14:00:00Z,4,Chelsea FC,Hull City AFC,,,SCHEDULED
560575,2026-09-12T16:30:00Z,4,Tottenham Hotspur FC,Everton FC,,,SCHEDULED
560577,2026-09-12T19:00:00Z,4,Sunderland AFC,Arsenal FC,,,SCHEDULED
560578,2026-09-13T13:00:00Z,4,Coventry City FC,Brighton & Hove Albion FC,,,SCHEDULED
560580,2026-09-13T15:30:00Z,4,Manchester United FC,Manchester City FC,,,SCHEDULED
560579,2026-09-14T19:00:00Z,4,Leeds United FC,Newcastle United FC,,,SCHEDULED
560591,2026-09-18T19:00:00Z,5,Brentford FC,Chelsea FC,,,SCHEDULED
560587,2026-09-19T11:30:00Z,5,Tottenham Hotspur FC,Aston Villa FC,,,SCHEDULED
560584,2026-09-19T14:00:00Z,5,Everton FC,Ipswich Town FC,,,SCHEDULED
560585,2026-09-19T14:00:00Z,5,Leeds United FC,Crystal Palace FC,,,SCHEDULED
560586,2026-09-19T14:00:00Z,5,Brighton & Hove Albion FC,Arsenal FC,,,SCHEDULED
560588,2026-09-19T14:00:00Z,5,Newcastle United FC,Hull City AFC,,,SCHEDULED
560590,2026-09-19T14:00:00Z,5,Manchester City FC,Sunderland AFC,,,SCHEDULED
560589,2026-09-19T16:30:00Z,5,Nottingham Forest FC,Coventry City FC,,,SCHEDULED
560582,2026-09-20T13:00:00Z,5,AFC Bournemouth,Liverpool FC,,,SCHEDULED
560583,2026-09-20T15:30:00Z,5,Fulham FC,Manchester United FC,,,SCHEDULED
560592,2026-10-10T14:00:00Z,6,Sunderland AFC,Brighton & Hove Albion FC,,,SCHEDULED
560593,2026-10-10T14:00:00Z,6,Arsenal FC,Leeds United FC,,,SCHEDULED
560594,2026-10-10T14:00:00Z,6,Hull City AFC,Everton FC,,,SCHEDULED
560595,2026-10-10T14:00:00Z,6,Chelsea FC,AFC Bournemouth,,,SCHEDULED
560596,2026-10-10T14:00:00Z,6,Crystal Palace FC,Nottingham Forest FC,,,SCHEDULED
560597,2026-10-10T14:00:00Z,6,Coventry City FC,Newcastle United FC,,,SCHEDULED
560598,2026-10-10T14:00:00Z,6,Liverpool FC,Manchester City FC,,,SCHEDULED
560599,2026-10-10T14:00:00Z,6,Ipswich Town FC,Fulham FC,,,SCHEDULED
560600,2026-10-10T14:00:00Z,6,Manchester United FC,Tottenham Hotspur FC,,,SCHEDULED
560601,2026-10-10T14:00:00Z,6,Aston Villa FC,Brentford FC,,,SCHEDULED
560602,2026-10-17T14:00:00Z,7,Fulham FC,Hull City AFC,,,SCHEDULED
560603,2026-10-17T14:00:00Z,7,Everton FC,Chelsea FC,,,SCHEDULED
560604,2026-10-17T14:00:00Z,7,AFC Bournemouth,Sunderland AFC,,,SCHEDULED
560605,2026-10-17T14:00:00Z,7,Leeds United FC,Manchester United FC,,,SCHEDULED
560606,2026-10-17T14:00:00Z,7,Tottenham Hotspur FC,Coventry City FC,,,SCHEDULED
560607,2026-10-17T14:00:00Z,7,Newcastle United FC,Aston Villa FC,,,SCHEDULED
560608,2026-10-17T14:00:00Z,7,Nottingham Forest FC,Arsenal FC,,,SCHEDULED
560609,2026-10-17T14:00:00Z,7,Brighton & Hove Albion FC,Crystal Palace FC,,,SCHEDULED
560610,2026-10-17T14:00:00Z,7,Manchester City FC,Ipswich Town FC,,,SCHEDULED
560611,2026-10-17T14:00:00Z,7,Brentford FC,Liverpool FC,,,SCHEDULED
560612,2026-10-24T14:00:00Z,8,Liverpool FC,Brighton & Hove Albion FC,,,SCHEDULED
560613,2026-10-24T14:00:00Z,8,Crystal Palace FC,Newcastle United FC,,,SCHEDULED
560614,2026-10-24T14:00:00Z,8,Aston Villa FC,Manchester City FC,,,SCHEDULED
560615,2026-10-24T14:00:00Z,8,Manchester United FC,AFC Bournemouth,,,SCHEDULED
560616,2026-10-24T14:00:00Z,8,Arsenal FC,Everton FC,,,SCHEDULED
560617,2026-10-24T14:00:00Z,8,Chelsea FC,Tottenham Hotspur FC,,,SCHEDULED
560618,2026-10-24T14:00:00Z,8,Coventry City FC,Fulham FC,,,SCHEDULED
560619,2026-10-24T14:00:00Z,8,Hull City AFC,Brentford FC,,,SCHEDULED
560620,2026-10-24T14:00:00Z,8,Ipswich Town FC,Nottingham Forest FC,,,SCHEDULED
560621,2026-10-24T14:00:00Z,8,Sunderland AFC,Leeds United FC,,,SCHEDULED
560622,2026-10-31T15:00:00Z,9,Newcastle United FC,Everton FC,,,SCHEDULED
560623,2026-10-31T15:00:00Z,9,Manchester City FC,Brighton & Hove Albion FC,,,SCHEDULED
560624,2026-10-31T15:00:00Z,9,AFC Bournemouth,Leeds United FC,,,SCHEDULED
560625,2026-10-31T15:00:00Z,9,Coventry City FC,Sunderland AFC,,,SCHEDULED
560626,2026-10-31T15:00:00Z,9,Chelsea FC,Manchester United FC,,,SCHEDULED
560627,2026-10-31T15:00:00Z,9,Tottenham Hotspur FC,Crystal Palace FC,,,SCHEDULED
560628,2026-10-31T15:00:00Z,9,Aston Villa FC,Fulham FC,,,SCHEDULED
560629,2026-10-31T15:00:00Z,9,Hull City AFC,Ipswich Town FC,,,SCHEDULED
560630,2026-10-31T15:00:00Z,9,Brentford FC,Nottingham Forest FC,,,SCHEDULED
560631,2026-10-31T15:00:00Z,9,Liverpool FC,Arsenal FC,,,SCHEDULED
560640,2026-11-07T15:00:00Z,10,Arsenal FC,Hull City AFC,,,SCHEDULED
560641,2026-11-07T15:00:00Z,10,Nottingham Forest FC,Manchester City FC,,,SCHEDULED
560632,2026-11-07T15:00:00Z,10,Leeds United FC,Tottenham Hotspur FC,,,SCHEDULED
560633,2026-11-07T15:00:00Z,10,Fulham FC,Newcastle United FC,,,SCHEDULED
560634,2026-11-07T15:00:00Z,10,Everton FC,Coventry City FC,,,SCHEDULED
560635,2026-11-07T15:00:00Z,10,Crystal Palace FC,Liverpool FC,,,SCHEDULED
560636,2026-11-07T15:00:00Z,10,Sunderland AFC,Chelsea FC,,,SCHEDULED
560637,2026-11-07T15:00:00Z,10,Ipswich Town FC,AFC Bournemouth,,,SCHEDULED
560638,2026-11-07T15:00:00Z,10,Brighton & Hove Albion FC,Brentford FC,,,SCHEDULED
560639,2026-11-07T15:00:00Z,10,Manchester United FC,Aston Villa FC,,,SCHEDULED
560642,2026-11-21T15:00:00Z,11,Chelsea FC,Leeds United FC,,,SCHEDULED
560643,2026-11-21T15:00:00Z,11,Manchester City FC,Fulham FC,,,SCHEDULED
560644,2026-11-21T15:00:00Z,11,Aston Villa FC,Sunderland AFC,,,SCHEDULED
560645,2026-11-21T15:00:00Z,11,Liverpool FC,Manchester United FC,,,SCHEDULED
560646,2026-11-21T15:00:00Z,11,Hull City AFC,Brighton & Hove Albion FC,,,SCHEDULED
560647,2026-11-21T15:00:00Z,11,AFC Bournemouth,Nottingham Forest FC,,,SCHEDULED
560648,2026-11-21T15:00:00Z,11,Tottenham Hotspur FC,Ipswich Town FC,,,SCHEDULED
560649,2026-11-21T15:00:00Z,11,Brentford FC,Everton FC,,,SCHEDULED
560650,2026-11-21T15:00:00Z,11,Coventry City FC,Crystal Palace FC,,,SCHEDULED
560651,2026-11-21T15:00:00Z,11,Newcastle United FC,Arsenal FC,,,SCHEDULED
560652,2026-11-28T15:00:00Z,12,Leeds United FC,Coventry City FC,,,SCHEDULED
560653,2026-11-28T15:00:00Z,12,Ipswich Town FC,Aston Villa FC,,,SCHEDULED
560654,2026-11-28T15:00:00Z,12,Arsenal FC,Manchester City FC,,,SCHEDULED
560655,2026-11-28T15:00:00Z,12,Manchester United FC,Brentford FC,,,SCHEDULED
560656,2026-11-28T15:00:00Z,12,Everton FC,Liverpool FC,,,SCHEDULED
560657,2026-11-28T15:00:00Z,12,Fulham FC,AFC Bournemouth,,,SCHEDULED
560658,2026-11-28T15:00:00Z,12,Nottingham Forest FC,Chelsea FC,,,SCHEDULED
560659,2026-11-28T15:00:00Z,12,Brighton & Hove Albion FC,Newcastle United FC,,,SCHEDULED
560660,2026-11-28T15:00:00Z,12,Sunderland AFC,Tottenham Hotspur FC,,,SCHEDULED
560661,2026-11-28T15:00:00Z,12,Crystal Palace FC,Hull City AFC,,,SCHEDULED
560662,2026-12-02T20:00:00Z,13,Tottenham Hotspur FC,Fulham FC,,,SCHEDULED
560663,2026-12-02T20:00:00Z,13,Liverpool FC,Sunderland AFC,,,SCHEDULED
560664,2026-12-02T20:00:00Z,13,Hull City AFC,Nottingham Forest FC,,,SCHEDULED
560665,2026-12-02T20:00:00Z,13,Chelsea FC,Crystal Palace FC,,,SCHEDULED
560666,2026-12-02T20:00:00Z,13,Aston Villa FC,Everton FC,,,SCHEDULED
560667,2026-12-02T20:00:00Z,13,Brentford FC,Arsenal FC,,,SCHEDULED
560668,2026-12-02T20:00:00Z,13,Coventry City FC,Ipswich Town FC,,,SCHEDULED
560669,2026-12-02T20:00:00Z,13,Manchester City FC,Leeds United FC,,,SCHEDULED
560670,2026-12-02T20:00:00Z,13,Newcastle United FC,Manchester United FC,,,SCHEDULED
560671,2026-12-02T20:00:00Z,13,AFC Bournemouth,Brighton & Hove Albion FC,,,SCHEDULED
560672,2026-12-05T15:00:00Z,14,Tottenham Hotspur FC,Arsenal FC,,,SCHEDULED
560673,2026-12-05T15:00:00Z,14,Manchester United FC,Coventry City FC,,,SCHEDULED
560674,2026-12-05T15:00:00Z,14,Leeds United FC,Ipswich Town FC,,,SCHEDULED
560675,2026-12-05T15:00:00Z,14,Newcastle United FC,Sunderland AFC,,,SCHEDULED
560676,2026-12-05T15:00:00Z,14,Chelsea FC,Liverpool FC,,,SCHEDULED
560677,2026-12-05T15:00:00Z,14,Brentford FC,Manchester City FC,,,SCHEDULED
560678,2026-12-05T15:00:00Z,14,AFC Bournemouth,Hull City AFC,,,SCHEDULED
560679,2026-12-05T15:00:00Z,14,Aston Villa FC,Crystal Palace FC,,,SCHEDULED
560680,2026-12-05T15:00:00Z,14,Nottingham Forest FC,Brighton & Hove Albion FC,,,SCHEDULED
560681,2026-12-05T15:00:00Z,14,Everton FC,Fulham FC,,,SCHEDULED
560682,2026-12-12T15:00:00Z,15,Sunderland AFC,Nottingham Forest FC,,,SCHEDULED
560683,2026-12-12T15:00:00Z,15,Crystal Palace FC,Manchester United FC,,,SCHEDULED
560684,2026-12-12T15:00:00Z,15,Hull City AFC,Tottenham Hotspur FC,,,SCHEDULED
560685,2026-12-12T15:00:00Z,15,Brighton & Hove Albion FC,Everton FC,,,SCHEDULED
560686,2026-12-12T15:00:00Z,15,Ipswich Town FC,Newcastle United FC,,,SCHEDULED
560687,2026-12-12T15:00:00Z,15,Coventry City FC,Aston Villa FC,,,SCHEDULED
560688,2026-12-12T15:00:00Z,15,Arsenal FC,AFC Bournemouth,,,SCHEDULED
560689,2026-12-12T15:00:00Z,15,Manchester City FC,Chelsea FC,,,SCHEDULED
560690,2026-12-12T15:00:00Z,15,Liverpool FC,Leeds United FC,,,SCHEDULED
560691,2026-12-12T15:00:00Z,15,Fulham FC,Brentford FC,,,SCHEDULED
560692,2026-12-19T15:00:00Z,16,Leeds United FC,Fulham FC,,,SCHEDULED
560693,2026-12-19T15:00:00Z,16,Brighton & Hove Albion FC,Ipswich Town FC,,,SCHEDULED
560694,2026-12-19T15:00:00Z,16,Nottingham Forest FC,Everton FC,,,SCHEDULED
560695,2026-12-19T15:00:00Z,16,Brentford FC,Newcastle United FC,,,SCHEDULED
560696,2026-12-19T15:00:00Z,16,Manchester City FC,Hull City AFC,,,SCHEDULED
560697,2026-12-19T15:00:00Z,16,Sunderland AFC,Crystal Palace FC,,,SCHEDULED
560698,2026-12-19T15:00:00Z,16,AFC Bournemouth,Coventry City FC,,,SCHEDULED
560699,2026-12-19T15:00:00Z,16,Arsenal FC,Manchester United FC,,,SCHEDULED
560700,2026-12-19T15:00:00Z,16,Liverpool FC,Tottenham Hotspur FC,,,SCHEDULED
560701,2026-12-19T15:00:00Z,16,Chelsea FC,Aston Villa FC,,,SCHEDULED
560702,2026-12-26T15:00:00Z,17,Aston Villa FC,Leeds United FC,,,SCHEDULED
560703,2026-12-26T15:00:00Z,17,Manchester United FC,Nottingham Forest FC,,,SCHEDULED
560704,2026-12-26T15:00:00Z,17,Crystal Palace FC,Arsenal FC,,,SCHEDULED
560705,2026-12-26T15:00:00Z,17,Everton FC,Sunderland AFC,,,SCHEDULED
560706,2026-12-26T15:00:00Z,17,Coventry City FC,Chelsea FC,,,SCHEDULED
560707,2026-12-26T15:00:00Z,17,Newcastle United FC,Manchester City FC,,,SCHEDULED
560708,2026-12-26T15:00:00Z,17,Fulham FC,Brighton & Hove Albion FC,,,SCHEDULED
560709,2026-12-26T15:00:00Z,17,Tottenham Hotspur FC,AFC Bournemouth,,,SCHEDULED
560710,2026-12-26T15:00:00Z,17,Hull City AFC,Liverpool FC,,,SCHEDULED
560711,2026-12-26T15:00:00Z,17,Ipswich Town FC,Brentford FC,,,SCHEDULED
560712,2026-12-30T20:00:00Z,18,Fulham FC,Arsenal FC,,,SCHEDULED
560713,2026-12-30T20:00:00Z,18,Coventry City FC,Brentford FC,,,SCHEDULED
560714,2026-12-30T20:00:00Z,18,Aston Villa FC,Liverpool FC,,,SCHEDULED
560715,2026-12-30T20:00:00Z,18,Newcastle United FC,Nottingham Forest FC,,,SCHEDULED
560716,2026-12-30T20:00:00Z,18,Hull City AFC,Leeds United FC,,,SCHEDULED
560717,2026-12-30T20:00:00Z,18,Manchester United FC,Sunderland AFC,,,SCHEDULED
560718,2026-12-30T20:00:00Z,18,Ipswich Town FC,Chelsea FC,,,SCHEDULED
560719,2026-12-30T20:00:00Z,18,Tottenham Hotspur FC,Brighton & Hove Albion FC,,,SCHEDULED
560720,2026-12-30T20:00:00Z,18,Everton FC,Manchester City FC,,,SCHEDULED
560721,2026-12-30T20:00:00Z,18,Crystal Palace FC,AFC Bournemouth,,,SCHEDULED
560722,2027-01-02T12:00:00Z,19,AFC Bournemouth,Aston Villa FC,,,SCHEDULED
560723,2027-01-02T12:00:00Z,19,Brentford FC,Crystal Palace FC,,,SCHEDULED
560724,2027-01-02T12:00:00Z,19,Leeds United FC,Everton FC,,,SCHEDULED
560725,2027-01-02T12:00:00Z,19,Arsenal FC,Ipswich Town FC,,,SCHEDULED
560726,2027-01-02T12:00:00Z,19,Sunderland AFC,Hull City AFC,,,SCHEDULED
560727,2027-01-02T12:00:00Z,19,Liverpool FC,Coventry City FC,,,SCHEDULED
560728,2027-01-02T12:00:00Z,19,Chelsea FC,Newcastle United FC,,,SCHEDULED
560729,2027-01-02T12:00:00Z,19,Nottingham Forest FC,Fulham FC,,,SCHEDULED
560730,2027-01-02T12:00:00Z,19,Brighton & Hove Albion FC,Manchester United FC,,,SCHEDULED
560731,2027-01-02T12:00:00Z,19,Manchester City FC,Tottenham Hotspur FC,,,SCHEDULED
560732,2027-01-06T12:00:00Z,20,Arsenal FC,Brentford FC,,,SCHEDULED
560733,2027-01-06T12:00:00Z,20,Leeds United FC,Manchester City FC,,,SCHEDULED
560734,2027-01-06T12:00:00Z,20,Manchester United FC,Newcastle United FC,,,SCHEDULED
560735,2027-01-06T12:00:00Z,20,Brighton & Hove Albion FC,AFC Bournemouth,,,SCHEDULED
560736,2027-01-06T12:00:00Z,20,Nottingham Forest FC,Hull City AFC,,,SCHEDULED
560737,2027-01-06T12:00:00Z,20,Fulham FC,Tottenham Hotspur FC,,,SCHEDULED
560738,2027-01-06T12:00:00Z,20,Everton FC,Aston Villa FC,,,SCHEDULED
560739,2027-01-06T12:00:00Z,20,Sunderland AFC,Liverpool FC,,,SCHEDULED
560740,2027-01-06T12:00:00Z,20,Crystal Palace FC,Chelsea FC,,,SCHEDULED
560741,2027-01-06T12:00:00Z,20,Ipswich Town FC,Coventry City FC,,,SCHEDULED
560742,2027-01-16T12:00:00Z,21,AFC Bournemouth,Ipswich Town FC,,,SCHEDULED
560743,2027-01-16T12:00:00Z,21,Manchester City FC,Nottingham Forest FC,,,SCHEDULED
560744,2027-01-16T12:00:00Z,21,Chelsea FC,Sunderland AFC,,,SCHEDULED
560745,2027-01-16T12:00:00Z,21,Brentford FC,Brighton & Hove Albion FC,,,SCHEDULED
560746,2027-01-16T12:00:00Z,21,Aston Villa FC,Manchester United FC,,,SCHEDULED
560747,2027-01-16T12:00:00Z,21,Tottenham Hotspur FC,Leeds United FC,,,SCHEDULED
560748,2027-01-16T12:00:00Z,21,Coventry City FC,Everton FC,,,SCHEDULED
560749,2027-01-16T12:00:00Z,21,Liverpool FC,Crystal Palace FC,,,SCHEDULED
560750,2027-01-16T12:00:00Z,21,Hull City AFC,Arsenal FC,,,SCHEDULED
560751,2027-01-16T12:00:00Z,21,Newcastle United FC,Fulham FC,,,SCHEDULED
560752,2027-01-23T12:00:00Z,22,Ipswich Town FC,Hull City AFC,,,SCHEDULED
560753,2027-01-23T12:00:00Z,22,Everton FC,Brentford FC,,,SCHEDULED
560754,2027-01-23T12:00:00Z,22,Sunderland AFC,Coventry City FC,,,SCHEDULED
560755,2027-01-23T12:00:00Z,22,Nottingham Forest FC,AFC Bournemouth,,,SCHEDULED
560756,2027-01-23T12:00:00Z,22,Arsenal FC,Newcastle United FC,,,SCHEDULED
560757,2027-01-23T12:00:00Z,22,Leeds United FC,Chelsea FC,,,SCHEDULED
560758,2027-01-23T12:00:00Z,22,Fulham FC,Aston Villa FC,,,SCHEDULED
560759,2027-01-23T12:00:00Z,22,Manchester United FC,Liverpool FC,,,SCHEDULED
560760,2027-01-23T12:00:00Z,22,Brighton & Hove Albion FC,Manchester City FC,,,SCHEDULED
560761,2027-01-23T12:00:00Z,22,Crystal Palace FC,Tottenham Hotspur FC,,,SCHEDULED
560762,2027-01-30T12:00:00Z,23,Tottenham Hotspur FC,Sunderland AFC,,,SCHEDULED
560763,2027-01-30T12:00:00Z,23,Brentford FC,Manchester United FC,,,SCHEDULED
560764,2027-01-30T12:00:00Z,23,Newcastle United FC,Brighton & Hove Albion FC,,,SCHEDULED
560765,2027-01-30T12:00:00Z,23,Hull City AFC,Crystal Palace FC,,,SCHEDULED
560766,2027-01-30T12:00:00Z,23,Coventry City FC,Leeds United FC,,,SCHEDULED
560767,2027-01-30T12:00:00Z,23,AFC Bournemouth,Fulham FC,,,SCHEDULED
560768,2027-01-30T12:00:00Z,23,Chelsea FC,Nottingham Forest FC,,,SCHEDULED
560769,2027-01-30T12:00:00Z,23,Liverpool FC,Everton FC,,,SCHEDULED
560770,2027-01-30T12:00:00Z,23,Manchester City FC,Arsenal FC,,,SCHEDULED
560771,2027-01-30T12:00:00Z,23,Aston Villa FC,Ipswich Town FC,,,SCHEDULED
560772,2027-02-06T12:00:00Z,24,Arsenal FC,Liverpool FC,,,SCHEDULED
560773,2027-02-06T12:00:00Z,24,Brighton & Hove Albion FC,Hull City AFC,,,SCHEDULED
560774,2027-02-06T12:00:00Z,24,Sunderland AFC,Aston Villa FC,,,SCHEDULED
560775,2027-02-06T12:00:00Z,24,Crystal Palace FC,Coventry City FC,,,SCHEDULED
560776,2027-02-06T12:00:00Z,24,Ipswich Town FC,Tottenham Hotspur FC,,,SCHEDULED
560777,2027-02-06T12:00:00Z,24,Everton FC,Newcastle United FC,,,SCHEDULED
560778,2027-02-06T12:00:00Z,24,Fulham FC,Manchester City FC,,,SCHEDULED
560779,2027-02-06T12:00:00Z,24,Leeds United FC,AFC Bournemouth,,,SCHEDULED
560780,2027-02-06T12:00:00Z,24,Manchester United FC,Chelsea FC,,,SCHEDULED
560781,2027-02-06T12:00:00Z,24,Nottingham Forest FC,Brentford FC,,,SCHEDULED
560782,2027-02-10T12:00:00Z,25,Everton FC,Leeds United FC,,,SCHEDULED
560783,2027-02-10T12:00:00Z,25,Coventry City FC,Liverpool FC,,,SCHEDULED
560784,2027-02-10T12:00:00Z,25,Hull City AFC,Sunderland AFC,,,SCHEDULED
560785,2027-02-10T12:00:00Z,25,Aston Villa FC,AFC Bournemouth,,,SCHEDULED
560786,2027-02-10T12:00:00Z,25,Crystal Palace FC,Brentford FC,,,SCHEDULED
560787,2027-02-10T12:00:00Z,25,Newcastle United FC,Chelsea FC,,,SCHEDULED
560788,2027-02-10T12:00:00Z,25,Fulham FC,Nottingham Forest FC,,,SCHEDULED
560789,2027-02-10T12:00:00Z,25,Tottenham Hotspur FC,Manchester City FC,,,SCHEDULED
560790,2027-02-10T12:00:00Z,25,Manchester United FC,Brighton & Hove Albion FC,,,SCHEDULED
560791,2027-02-10T12:00:00Z,25,Ipswich Town FC,Arsenal FC,,,SCHEDULED
560792,2027-02-20T12:00:00Z,26,Manchester City FC,Newcastle United FC,,,SCHEDULED
560793,2027-02-20T12:00:00Z,26,AFC Bournemouth,Crystal Palace FC,,,SCHEDULED
560794,2027-02-20T12:00:00Z,26,Brentford FC,Coventry City FC,,,SCHEDULED
560795,2027-02-20T12:00:00Z,26,Chelsea FC,Ipswich Town FC,,,SCHEDULED
560796,2027-02-20T12:00:00Z,26,Liverpool FC,Hull City AFC,,,SCHEDULED
560797,2027-02-20T12:00:00Z,26,Arsenal FC,Fulham FC,,,SCHEDULED
560798,2027-02-20T12:00:00Z,26,Nottingham Forest FC,Manchester United FC,,,SCHEDULED
560799,2027-02-20T12:00:00Z,26,Brighton & Hove Albion FC,Tottenham Hotspur FC,,,SCHEDULED
560800,2027-02-20T12:00:00Z,26,Sunderland AFC,Everton FC,,,SCHEDULED
560801,2027-02-20T12:00:00Z,26,Leeds United FC,Aston Villa FC,,,SCHEDULED
560802,2027-02-27T12:00:00Z,27,Crystal Palace FC,Sunderland AFC,,,SCHEDULED
560803,2027-02-27T12:00:00Z,27,Manchester United FC,Arsenal FC,,,SCHEDULED
560804,2027-02-27T12:00:00Z,27,Ipswich Town FC,Brighton & Hove Albion FC,,,SCHEDULED
560805,2027-02-27T12:00:00Z,27,Coventry City FC,AFC Bournemouth,,,SCHEDULED
560806,2027-02-27T12:00:00Z,27,Everton FC,Nottingham Forest FC,,,SCHEDULED
560807,2027-02-27T12:00:00Z,27,Fulham FC,Leeds United FC,,,SCHEDULED
560808,2027-02-27T12:00:00Z,27,Aston Villa FC,Chelsea FC,,,SCHEDULED
560809,2027-02-27T12:00:00Z,27,Tottenham Hotspur FC,Liverpool FC,,,SCHEDULED
560810,2027-02-27T12:00:00Z,27,Newcastle United FC,Brentford FC,,,SCHEDULED
560811,2027-02-27T12:00:00Z,27,Hull City AFC,Manchester City FC,,,SCHEDULED
560812,2027-03-03T12:00:00Z,28,Nottingham Forest FC,Newcastle United FC,,,SCHEDULED
560813,2027-03-03T12:00:00Z,28,AFC Bournemouth,Tottenham Hotspur FC,,,SCHEDULED
560814,2027-03-03T12:00:00Z,28,Manchester City FC,Everton FC,,,SCHEDULED
560815,2027-03-03T12:00:00Z,28,Arsenal FC,Crystal Palace FC,,,SCHEDULED
560816,2027-03-03T12:00:00Z,28,Leeds United FC,Hull City AFC,,,SCHEDULED
560817,2027-03-03T12:00:00Z,28,Sunderland AFC,Manchester United FC,,,SCHEDULED
560818,2027-03-03T12:00:00Z,28,Liverpool FC,Aston Villa FC,,,SCHEDULED
560819,2027-03-03T12:00:00Z,28,Brighton & Hove Albion FC,Fulham FC,,,SCHEDULED
560820,2027-03-03T12:00:00Z,28,Brentford FC,Ipswich Town FC,,,SCHEDULED
560821,2027-03-03T12:00:00Z,28,Chelsea FC,Coventry City FC,,,SCHEDULED
560822,2027-03-13T12:00:00Z,29,Leeds United FC,Brighton & Hove Albion FC,,,SCHEDULED
560823,2027-03-13T12:00:00Z,29,Tottenham Hotspur FC,Nottingham Forest FC,,,SCHEDULED
560824,2027-03-13T12:00:00Z,29,Crystal Palace FC,Fulham FC,,,SCHEDULED
560825,2027-03-13T12:00:00Z,29,Liverpool FC,Ipswich Town FC,,,SCHEDULED
560826,2027-03-13T12:00:00Z,29,Coventry City FC,Manchester City FC,,,SCHEDULED
560827,2027-03-13T12:00:00Z,29,AFC Bournemouth,Newcastle United FC,,,SCHEDULED
560828,2027-03-13T12:00:00Z,29,Chelsea FC,Arsenal FC,,,SCHEDULED
560829,2027-03-13T12:00:00Z,29,Aston Villa FC,Hull City AFC,,,SCHEDULED
560830,2027-03-13T12:00:00Z,29,Manchester United FC,Everton FC,,,SCHEDULED
560831,2027-03-13T12:00:00Z,29,Sunderland AFC,Brentford FC,,,SCHEDULED
560832,2027-03-20T12:00:00Z,30,Brentford FC,AFC Bournemouth,,,SCHEDULED
560833,2027-03-20T12:00:00Z,30,Brighton & Hove Albion FC,Coventry City FC,,,SCHEDULED
560834,2027-03-20T12:00:00Z,30,Manchester City FC,Manchester United FC,,,SCHEDULED
560835,2027-03-20T12:00:00Z,30,Ipswich Town FC,Crystal Palace FC,,,SCHEDULED
560836,2027-03-20T12:00:00Z,30,Arsenal FC,Sunderland AFC,,,SCHEDULED
560837,2027-03-20T12:00:00Z,30,Fulham FC,Liverpool FC,,,SCHEDULED
560838,2027-03-20T12:00:00Z,30,Hull City AFC,Chelsea FC,,,SCHEDULED
560839,2027-03-20T12:00:00Z,30,Nottingham Forest FC,Aston Villa FC,,,SCHEDULED
560840,2027-03-20T12:00:00Z,30,Everton FC,Tottenham Hotspur FC,,,SCHEDULED
560841,2027-03-20T12:00:00Z,30,Newcastle United FC,Leeds United FC,,,SCHEDULED
560842,2027-04-10T12:00:00Z,31,Sunderland AFC,Ipswich Town FC,,,SCHEDULED
560843,2027-04-10T12:00:00Z,31,Leeds United FC,Nottingham Forest FC,,,SCHEDULED
560844,2027-04-10T12:00:00Z,31,Manchester United FC,Hull City AFC,,,SCHEDULED
560845,2027-04-10T12:00:00Z,31,Chelsea FC,Fulham FC,,,SCHEDULED
560846,2027-04-10T12:00:00Z,31,Liverpool FC,Newcastle United FC,,,SCHEDULED
560847,2027-04-10T12:00:00Z,31,Coventry City FC,Arsenal FC,,,SCHEDULED
560848,2027-04-10T12:00:00Z,31,AFC Bournemouth,Manchester City FC,,,SCHEDULED
560849,2027-04-10T12:00:00Z,31,Crystal Palace FC,Everton FC,,,SCHEDULED
560850,2027-04-10T12:00:00Z,31,Tottenham Hotspur FC,Brentford FC,,,SCHEDULED
560851,2027-04-10T12:00:00Z,31,Aston Villa FC,Brighton & Hove Albion FC,,,SCHEDULED
560852,2027-04-17T12:00:00Z,32,Brighton & Hove Albion FC,Chelsea FC,,,SCHEDULED
560853,2027-04-17T12:00:00Z,32,Fulham FC,Sunderland AFC,,,SCHEDULED
560854,2027-04-17T12:00:00Z,32,Brentford FC,Leeds United FC,,,SCHEDULED
560855,2027-04-17T12:00:00Z,32,Nottingham Forest FC,Liverpool FC,,,SCHEDULED
560856,2027-04-17T12:00:00Z,32,Hull City AFC,Coventry City FC,,,SCHEDULED
560857,2027-04-17T12:00:00Z,32,Arsenal FC,Aston Villa FC,,,SCHEDULED
560858,2027-04-17T12:00:00Z,32,Ipswich Town FC,Manchester United FC,,,SCHEDULED
560859,2027-04-17T12:00:00Z,32,Manchester City FC,Crystal Palace FC,,,SCHEDULED
560860,2027-04-17T12:00:00Z,32,Newcastle United FC,Tottenham Hotspur FC,,,SCHEDULED
560861,2027-04-17T12:00:00Z,32,Everton FC,AFC Bournemouth,,,SCHEDULED
560862,2027-04-24T12:00:00Z,33,Chelsea FC,Manchester City FC,,,SCHEDULED
560863,2027-04-24T12:00:00Z,33,AFC Bournemouth,Arsenal FC,,,SCHEDULED
560864,2027-04-24T12:00:00Z,33,Tottenham Hotspur FC,Hull City AFC,,,SCHEDULED
560865,2027-04-24T12:00:00Z,33,Manchester United FC,Crystal Palace FC,,,SCHEDULED
560866,2027-04-24T12:00:00Z,33,Everton FC,Brighton & Hove Albion FC,,,SCHEDULED
560867,2027-04-24T12:00:00Z,33,Nottingham Forest FC,Sunderland AFC,,,SCHEDULED
560868,2027-04-24T12:00:00Z,33,Newcastle United FC,Ipswich Town FC,,,SCHEDULED
560869,2027-04-24T12:00:00Z,33,Aston Villa FC,Coventry City FC,,,SCHEDULED
560870,2027-04-24T12:00:00Z,33,Brentford FC,Fulham FC,,,SCHEDULED
560871,2027-04-24T12:00:00Z,33,Leeds United FC,Liverpool FC,,,SCHEDULED
560872,2027-05-01T12:00:00Z,34,Sunderland AFC,Newcastle United FC,,,SCHEDULED
560873,2027-05-01T12:00:00Z,34,Brighton & Hove Albion FC,Nottingham Forest FC,,,SCHEDULED
560874,2027-05-01T12:00:00Z,34,Coventry City FC,Manchester United FC,,,SCHEDULED
560875,2027-05-01T12:00:00Z,34,Hull City AFC,AFC Bournemouth,,,SCHEDULED
560876,2027-05-01T12:00:00Z,34,Manchester City FC,Brentford FC,,,SCHEDULED
560877,2027-05-01T12:00:00Z,34,Fulham FC,Everton FC,,,SCHEDULED
560878,2027-05-01T12:00:00Z,34,Liverpool FC,Chelsea FC,,,SCHEDULED
560879,2027-05-01T12:00:00Z,34,Arsenal FC,Tottenham Hotspur FC,,,SCHEDULED
560880,2027-05-01T12:00:00Z,34,Crystal Palace FC,Aston Villa FC,,,SCHEDULED
560881,2027-05-01T12:00:00Z,34,Ipswich Town FC,Leeds United FC,,,SCHEDULED
560882,2027-05-08T12:00:00Z,35,Manchester City FC,Liverpool FC,,,SCHEDULED
560883,2027-05-08T12:00:00Z,35,Leeds United FC,Arsenal FC,,,SCHEDULED
560884,2027-05-08T12:00:00Z,35,Fulham FC,Ipswich Town FC,,,SCHEDULED
560885,2027-05-08T12:00:00Z,35,Nottingham Forest FC,Crystal Palace FC,,,SCHEDULED
560886,2027-05-08T12:00:00Z,35,Brentford FC,Aston Villa FC,,,SCHEDULED
560887,2027-05-08T12:00:00Z,35,Newcastle United FC,Coventry City FC,,,SCHEDULED
560888,2027-05-08T12:00:00Z,35,Brighton & Hove Albion FC,Sunderland AFC,,,SCHEDULED
560889,2027-05-08T12:00:00Z,35,Tottenham Hotspur FC,Chelsea FC,,,SCHEDULED
560890,2027-05-08T12:00:00Z,35,Everton FC,Hull City AFC,,,SCHEDULED
560891,2027-05-08T12:00:00Z,35,AFC Bournemouth,Manchester United FC,,,SCHEDULED
560896,2027-05-15T12:00:00Z,36,Hull City AFC,Fulham FC,,,SCHEDULED
560897,2027-05-15T12:00:00Z,36,Manchester United FC,Leeds United FC,,,SCHEDULED
560898,2027-05-15T12:00:00Z,36,Crystal Palace FC,Brighton & Hove Albion FC,,,SCHEDULED
560899,2027-05-15T12:00:00Z,36,Aston Villa FC,Newcastle United FC,,,SCHEDULED
560900,2027-05-15T12:00:00Z,36,Chelsea FC,Everton FC,,,SCHEDULED
560901,2027-05-15T12:00:00Z,36,Coventry City FC,Tottenham Hotspur FC,,,SCHEDULED
560892,2027-05-15T12:00:00Z,36,Sunderland AFC,AFC Bournemouth,,,SCHEDULED
560893,2027-05-15T12:00:00Z,36,Liverpool FC,Brentford FC,,,SCHEDULED
560894,2027-05-15T12:00:00Z,36,Ipswich Town FC,Manchester City FC,,,SCHEDULED
560895,2027-05-15T12:00:00Z,36,Arsenal FC,Nottingham Forest FC,,,SCHEDULED
560902,2027-05-23T12:00:00Z,37,Brentford FC,Hull City AFC,,,SCHEDULED
560903,2027-05-23T12:00:00Z,37,Newcastle United FC,Crystal Palace FC,,,SCHEDULED
560904,2027-05-23T12:00:00Z,37,Tottenham Hotspur FC,Manchester United FC,,,SCHEDULED
560905,2027-05-23T12:00:00Z,37,Leeds United FC,Sunderland AFC,,,SCHEDULED
560906,2027-05-23T12:00:00Z,37,Brighton & Hove Albion FC,Liverpool FC,,,SCHEDULED
560907,2027-05-23T12:00:00Z,37,Nottingham Forest FC,Ipswich Town FC,,,SCHEDULED
560908,2027-05-23T12:00:00Z,37,AFC Bournemouth,Chelsea FC,,,SCHEDULED
560909,2027-05-23T12:00:00Z,37,Fulham FC,Coventry City FC,,,SCHEDULED
560910,2027-05-23T12:00:00Z,37,Everton FC,Arsenal FC,,,SCHEDULED
560911,2027-05-23T12:00:00Z,37,Manchester City FC,Aston Villa FC,,,SCHEDULED
560912,2027-05-30T12:00:00Z,38,Ipswich Town FC,Everton FC,,,SCHEDULED
560913,2027-05-30T12:00:00Z,38,Arsenal FC,Brighton & Hove Albion FC,,,SCHEDULED
560914,2027-05-30T12:00:00Z,38,Liverpool FC,AFC Bournemouth,,,SCHEDULED
560915,2027-05-30T12:00:00Z,38,Coventry City FC,Nottingham Forest FC,,,SCHEDULED
560916,2027-05-30T12:00:00Z,38,Aston Villa FC,Tottenham Hotspur FC,,,SCHEDULED
560917,2027-05-30T12:00:00Z,38,Hull City AFC,Newcastle United FC,,,SCHEDULED
560918,2027-05-30T12:00:00Z,38,Manchester United FC,Fulham FC,,,SCHEDULED
560919,2027-05-30T12:00:00Z,38,Sunderland AFC,Manchester City FC,,,SCHEDULED
560920,2027-05-30T12:00:00Z,38,Chelsea FC,Brentford FC,,,SCHEDULED
560921,2027-05-30T12:00:00Z,38,Crystal Palace FC,Leeds United FC,,,SCHEDULED
